rank,manga_id,title,url,type,volumes,date_text,start_text,end_text,start_year,members,score
1,2,Berserk,https://myanimelist.net/manga/2/Berserk,Manga,,Aug 1989 -,Aug 1989 -,,1989.0,808729,9.46
2,1706,JoJo no Kimyou na Bouken Part 7: Steel Ball Run,https://myanimelist.net/manga/1706/JoJo_no_Kimyou_na_Bouken_Part_7__Steel_Ball_Run,Manga,24.0,Jan 2004 - Apr 2011,Jan 2004,Apr 2011,2004.0,331059,9.34
3,656,Vagabond,https://myanimelist.net/manga/656/Vagabond,Manga,37.0,Sep 1998 - May 2015,Sep 1998,May 2015,1998.0,467180,9.27
4,13,One Piece,https://myanimelist.net/manga/13/One_Piece,Manga,,Jul 1997 -,Jul 1997 -,,1997.0,706677,9.21
5,162032,Guimi Zhi Zhu,https://myanimelist.net/manga/162032/Guimi_Zhi_Zhu,Novel,18.0,May 2020 - Aug 2023,May 2020,Aug 2023,2020.0,26194,9.2
6,1,Monster,https://myanimelist.net/manga/1/Monster,Manga,18.0,Dec 1994 - Dec 2001,Dec 1994,Dec 2001,1994.0,294816,9.16
7,147272,The Greatest Estate Developer,https://myanimelist.net/manga/147272/The_Greatest_Estate_Developer,Manhwa,,Jul 2021 - Jan 2026,Jul 2021,Jan 2026,2021.0,94715,9.1
8,51,Slam Dunk,https://myanimelist.net/manga/51/Slam_Dunk,Manga,31.0,Sep 1990 - Jun 1996,Sep 1990,Jun 1996,1990.0,203546,9.09
9,642,Vinland Saga,https://myanimelist.net/manga/642/Vinland_Saga,Manga,29.0,Apr 2005 - Jul 2025,Apr 2005,Jul 2025,2005.0,367227,9.09
10,25,Fullmetal Alchemist,https://myanimelist.net/manga/25/Fullmetal_Alchemist,Manga,27.0,Jul 2001 - Sep 2010,Jul 2001,Sep 2010,2001.0,327004,9.05
11,70345,Grand Blue,https://myanimelist.net/manga/70345/Grand_Blue,Manga,,Apr 2014 -,Apr 2014 -,,2014.0,204853,9.05
12,143441,Omniscient Reader's Viewpoint,https://myanimelist.net/manga/143441/Omniscient_Readers_Viewpoint,Novel,20.0,Jan 2022 - Sep 2023,Jan 2022,Sep 2023,2022.0,37189,9.03
13,130826,Tian Guan Cifu,https://myanimelist.net/manga/130826/Tian_Guan_Cifu,Novel,6.0,Feb 2021 - Mar 2022,Feb 2021,Mar 2022,2021.0,23230,9.02
14,16765,Kingdom,https://myanimelist.net/manga/16765/Kingdom,Manga,,Jan 2006 -,Jan 2006 -,,2006.0,205303,9.02
15,44489,Houseki no Kuni,https://myanimelist.net/manga/44489/Houseki_no_Kuni,Manga,13.0,Oct 2012 - Apr 2024,Oct 2012,Apr 2024,2012.0,178902,9.0
16,657,Real,https://myanimelist.net/manga/657/Real,Manga,,Oct 1999 -,Oct 1999 -,,1999.0,113761,8.98
17,4632,Oyasumi Punpun,https://myanimelist.net/manga/4632/Oyasumi_Punpun,Manga,13.0,Mar 2007 - Nov 2013,Mar 2007,Nov 2013,2007.0,528640,8.97
18,133431,Uma Musume Cinderella Gray,https://myanimelist.net/manga/133431/Uma_Musume_Cinderella_Gray,Manga,23.0,Jun 2020 - Dec 2025,Jun 2020,Dec 2025,2020.0,12381,8.97
19,34053,Umineko no Naku Koro ni Chiru - Episode 8: Twilight of the Golden Witch,https://myanimelist.net/manga/34053/Umineko_no_Naku_Koro_ni_Chiru_-_Episode_8__Twilight_of_the_Golden_Witch,Manga,9.0,Jan 2012 - Jun 2015,Jan 2012,Jun 2015,2012.0,24796,8.96
20,1303,Ashita no Joe,https://myanimelist.net/manga/1303/Ashita_no_Joe,Manga,20.0,Jan 1968 - May 1973,Jan 1968,May 1973,1968.0,66928,8.95
21,3,20th Century Boys,https://myanimelist.net/manga/3/20th_Century_Boys,Manga,22.0,Sep 1999 - Apr 2006,Sep 1999,Apr 2006,1999.0,317147,8.93
22,23751,Monogatari Series: Second Season,https://myanimelist.net/manga/23751/Monogatari_Series__Second_Season,Light Novel,6.0,Oct 2010 - Dec 2011,Oct 2010,Dec 2011,2010.0,28540,8.93
23,104,Yotsuba to!,https://myanimelist.net/manga/104/Yotsuba_to,Manga,,Mar 2003 -,Mar 2003 -,,2003.0,181585,8.92
24,14893,Monogatari Series: First Season,https://myanimelist.net/manga/14893/Monogatari_Series__First_Season,Light Novel,6.0,Nov 2006 - Jul 2010,Nov 2006,Jul 2010,2006.0,67810,8.92
25,126479,Mikkakan no Koufuku,https://myanimelist.net/manga/126479/Mikkakan_no_Koufuku,Novel,1.0,Dec 2013 - Dec 2013,Dec 2013,Dec 2013,2013.0,45341,8.91
26,74697,Re:Zero kara Hajimeru Isekai Seikatsu,https://myanimelist.net/manga/74697/Re_Zero_kara_Hajimeru_Isekai_Seikatsu,Light Novel,,Jan 2014 -,Jan 2014 -,,2014.0,87864,8.89
27,44227,Monogatari Series: Final Season,https://myanimelist.net/manga/44227/Monogatari_Series__Final_Season,Light Novel,6.0,Sep 2012 - Sep 2014,Sep 2012,Sep 2014,2012.0,23673,8.88
28,86769,Kusuriya no Hitorigoto,https://myanimelist.net/manga/86769/Kusuriya_no_Hitorigoto,Light Novel,,Aug 2014 -,Aug 2014 -,,2014.0,27331,8.88
29,90125,Kaguya-sama wa Kokurasetai: Tensai-tachi no Renai Zunousen,https://myanimelist.net/manga/90125/Kaguya-sama_wa_Kokurasetai__Tensai-tachi_no_Renai_Zunousen,Manga,28.0,May 2015 - Nov 2022,May 2015,Nov 2022,2015.0,309150,8.88
30,121405,Mo Dao Zu Shi,https://myanimelist.net/manga/121405/Mo_Dao_Zu_Shi,Novel,4.0,Dec 2016 - Dec 2016,Dec 2016,Dec 2016,2016.0,15293,8.88
31,126287,Sousou no Frieren,https://myanimelist.net/manga/126287/Sousou_no_Frieren,Manga,,Apr 2020 -,Apr 2020 -,,2020.0,178272,8.87
32,104039,86,https://myanimelist.net/manga/104039/86,Light Novel,,Feb 2017 -,Feb 2017 -,,2017.0,53846,8.87
33,336,GTO,https://myanimelist.net/manga/336/GTO,Manga,25.0,Dec 1996 - Jan 2002,Dec 1996,Jan 2002,1996.0,192919,8.86
34,1224,3-gatsu no Lion,https://myanimelist.net/manga/1224/3-gatsu_no_Lion,Manga,,Jul 2007 -,Jul 2007 -,,2007.0,81638,8.86
35,35243,Haikyuu!!,https://myanimelist.net/manga/35243/Haikyuu,Manga,45.0,Feb 2012 - Jul 2020,Feb 2012,Jul 2020,2012.0,246779,8.86
36,56805,Koe no Katachi,https://myanimelist.net/manga/56805/Koe_no_Katachi,Manga,7.0,Aug 2013 - Nov 2014,Aug 2013,Nov 2014,2013.0,295037,8.86
37,178182,On the Way to Meet Mom,https://myanimelist.net/manga/178182/On_the_Way_to_Meet_Mom,Manhwa,,Nov 2024 - Jul 2026,Nov 2024,Jul 2026,2024.0,15378,8.85
38,7375,Kokou no Hito,https://myanimelist.net/manga/7375/Kokou_no_Hito,Manga,17.0,Nov 2007 - Oct 2011,Nov 2007,Oct 2011,2007.0,160784,8.84
39,21525,Akatsuki no Yona,https://myanimelist.net/manga/21525/Akatsuki_no_Yona,Manga,48.0,Aug 2009 - Dec 2025,Aug 2009,Dec 2025,2009.0,156068,8.83
40,86119,Honzuki no Gekokujou: Shisho ni Naru Tame ni wa Shudan wo Erandeiraremasen,https://myanimelist.net/manga/86119/Honzuki_no_Gekokujou__Shisho_ni_Naru_Tame_ni_wa_Shudan_wo_Erandeiraremasen,Light Novel,33.0,Jan 2015 - Dec 2023,Jan 2015,Dec 2023,2015.0,22890,8.83
41,140765,Tian Guan Cifu,https://myanimelist.net/manga/140765/Tian_Guan_Cifu,Manhua,,Oct 2019 -,Oct 2019 -,,2019.0,20089,8.83
42,147769,No Home,https://myanimelist.net/manga/147769/No_Home,Manhwa,,Dec 2018 - Aug 2024,Dec 2018,Aug 2024,2018.0,13683,8.83
43,28,Nana,https://myanimelist.net/manga/28/Nana,Manga,21.0,May 2000 - May 2009,May 2000,May 2009,2000.0,178754,8.82
44,9115,Ookami to Koushinryou,https://myanimelist.net/manga/9115/Ookami_to_Koushinryou,Light Novel,,Feb 2006 -,Feb 2006 -,,2006.0,71592,8.82
45,651,Kaze no Tani no Nausicaä,https://myanimelist.net/manga/651/Kaze_no_Tani_no_Nausicaä,Manga,7.0,Oct 1982 - Feb 1994,Oct 1982,Feb 1994,1982.0,69210,8.81
46,70261,Mushoku Tensei: Isekai Ittara Honki Dasu,https://myanimelist.net/manga/70261/Mushoku_Tensei__Isekai_Ittara_Honki_Dasu,Light Novel,26.0,Jan 2014 - Nov 2022,Jan 2014,Nov 2022,2014.0,104562,8.81
47,85781,Dungeon Meshi,https://myanimelist.net/manga/85781/Dungeon_Meshi,Manga,14.0,Feb 2014 - Sep 2023,Feb 2014,Sep 2023,2014.0,117789,8.81
48,102875,Fata Morgana no Yakata: Anata no Genten ni Itaru Monogatari,https://myanimelist.net/manga/102875/Fata_Morgana_no_Yakata__Anata_no_Genten_ni_Itaru_Monogatari,Light Novel,5.0,Aug 2014 - Jan 2016,Aug 2014,Jan 2016,2014.0,9604,8.8
49,129621,Medalist,https://myanimelist.net/manga/129621/Medalist,Manga,15.0,May 2020 - Jun 2026,May 2020,Jun 2026,2020.0,24525,8.79
50,132678,Veil,https://myanimelist.net/manga/132678/Veil,Manga,,Nov 2019 -,Nov 2019 -,,2019.0,35641,8.78
51,26,Hunter x Hunter,https://myanimelist.net/manga/26/Hunter_x_Hunter,Manga,,Mar 1998 -,Mar 1998 -,,1998.0,318576,8.78
52,14483,Uchuu Kyoudai,https://myanimelist.net/manga/14483/Uchuu_Kyoudai,Manga,46.0,Dec 2007 - Jun 2026,Dec 2007,Jun 2026,2007.0,43309,8.77
53,45143,Kono Oto Tomare!,https://myanimelist.net/manga/45143/Kono_Oto_Tomare,Manga,,Aug 2012 -,Aug 2012 -,,2012.0,54321,8.77
54,100448,"Jumyou wo Kaitotte Moratta. Ichinen ni Tsuki, Ichimanen de.",https://myanimelist.net/manga/100448/Jumyou_wo_Kaitotte_Moratta_Ichinen_ni_Tsuki_Ichimanen_de,Manga,3.0,Aug 2016 - Oct 2017,Aug 2016,Oct 2017,2016.0,198612,8.77
55,144267,Kaoru Hana wa Rin to Saku,https://myanimelist.net/manga/144267/Kaoru_Hana_wa_Rin_to_Saku,Manga,,Oct 2021 -,Oct 2021 -,,2021.0,147590,8.77
56,7,Hajime no Ippo,https://myanimelist.net/manga/7/Hajime_no_Ippo,Manga,,Sep 1989 -,Sep 1989 -,,1989.0,103809,8.76
57,100035,Tongari Boushi no Atelier,https://myanimelist.net/manga/100035/Tongari_Boushi_no_Atelier,Manga,,Jul 2016 -,Jul 2016 -,,2016.0,152076,8.76
58,40171,Yahari Ore no Seishun Love Comedy wa Machigatteiru.,https://myanimelist.net/manga/40171/Yahari_Ore_no_Seishun_Love_Comedy_wa_Machigatteiru,Light Novel,18.0,Mar 2011 - Apr 2021,Mar 2011,Apr 2021,2011.0,77480,8.75
59,89357,Youkoso Jitsuryoku Shijou Shugi no Kyoushitsu e,https://myanimelist.net/manga/89357/Youkoso_Jitsuryoku_Shijou_Shugi_no_Kyoushitsu_e,Light Novel,14.0,May 2015 - Sep 2019,May 2015,Sep 2019,2015.0,98619,8.75
60,72467,Shoujo Shuumatsu Ryokou,https://myanimelist.net/manga/72467/Shoujo_Shuumatsu_Ryokou,Manga,6.0,Feb 2014 - Jan 2018,Feb 2014,Jan 2018,2014.0,93481,8.74
61,128365,Kimi to Tsuzuru Utakata,https://myanimelist.net/manga/128365/Kimi_to_Tsuzuru_Utakata,Manga,6.0,May 2020 - Jan 2024,May 2020,Jan 2024,2020.0,36453,8.73
62,9726,Zaregoto Series,https://myanimelist.net/manga/9726/Zaregoto_Series,Light Novel,10.0,Feb 2002 - Feb 2023,Feb 2002,Feb 2023,2002.0,28892,8.72
63,145,Beck,https://myanimelist.net/manga/145/Beck,Manga,34.0,Feb 2000 - Jun 2008,Feb 2000,Jun 2008,2000.0,94858,8.71
64,418,Mushishi,https://myanimelist.net/manga/418/Mushishi,Manga,10.0,Oct 1999 - Aug 2008,Oct 1999,Aug 2008,1999.0,98044,8.71
65,9982,Usogui,https://myanimelist.net/manga/9982/Usogui,Manga,49.0,May 2006 - Dec 2017,May 2006,Dec 2017,2006.0,61565,8.71
66,23900,Umineko no Naku Koro ni Chiru - Episode 7: Requiem of the Golden Witch,https://myanimelist.net/manga/23900/Umineko_no_Naku_Koro_ni_Chiru_-_Episode_7__Requiem_of_the_Golden_Witch,Manga,9.0,Apr 2011 - Mar 2015,Apr 2011,Mar 2015,2011.0,18089,8.71
67,91941,Made in Abyss,https://myanimelist.net/manga/91941/Made_in_Abyss,Manga,,Oct 2012 -,Oct 2012 -,,2012.0,186873,8.71
68,123992,Youkoso Jitsuryoku Shijou Shugi no Kyoushitsu e: 2-nensei-hen,https://myanimelist.net/manga/123992/Youkoso_Jitsuryoku_Shijou_Shugi_no_Kyoushitsu_e__2-nensei-hen,Light Novel,15.0,Jan 2020 - Nov 2024,Jan 2020,Nov 2024,2020.0,46510,8.71
69,108177,Monogatari Series: Monster Season,https://myanimelist.net/manga/108177/Monogatari_Series__Monster_Season,Light Novel,6.0,Jul 2017 - Aug 2021,Jul 2017,Aug 2021,2017.0,10114,8.7
70,1859,Natsume Yuujinchou,https://myanimelist.net/manga/1859/Natsume_Yuujinchou,Manga,,Jun 2003 -,Jun 2003 -,,2003.0,50622,8.69
71,44347,One Punch-Man,https://myanimelist.net/manga/44347/One_Punch-Man,Manga,,Jun 2012 -,Jun 2012 -,,2012.0,537742,8.69
72,55215,Utsuro no Hako to Zero no Maria,https://myanimelist.net/manga/55215/Utsuro_no_Hako_to_Zero_no_Maria,Light Novel,7.0,Jan 2009 - Jun 2015,Jan 2009,Jun 2015,2009.0,110698,8.69
73,118804,Ikoku Nikki,https://myanimelist.net/manga/118804/Ikoku_Nikki,Manga,11.0,Jun 2017 - Jun 2023,Jun 2017,Jun 2023,2017.0,15962,8.69
74,117077,Kimi no Suizou wo Tabetai,https://myanimelist.net/manga/117077/Kimi_no_Suizou_wo_Tabetai,Novel,1.0,Jun 2015 - Jun 2015,Jun 2015,Jun 2015,2015.0,13235,8.68
75,125036,The Horizon,https://myanimelist.net/manga/125036/The_Horizon,Manhwa,3.0,Mar 2016 - Jul 2016,Mar 2016,Jul 2016,2016.0,118663,8.68
76,178671,My Bias Gets on the Last Train,https://myanimelist.net/manga/178671/My_Bias_Gets_on_the_Last_Train,Manhwa,,Dec 2024 -,Dec 2024 -,,2024.0,22756,8.68
77,21,Death Note,https://myanimelist.net/manga/21/Death_Note,Manga,12.0,Dec 2003 - May 2006,Dec 2003,May 2006,2003.0,433910,8.68
78,1133,Dorohedoro,https://myanimelist.net/manga/1133/Dorohedoro,Manga,23.0,Nov 2000 - Sep 2018,Nov 2000,Sep 2018,2000.0,209779,8.68
79,102256,Ao Ashi,https://myanimelist.net/manga/102256/Ao_Ashi,Manga,40.0,Jan 2015 - Jun 2025,Jan 2015,Jun 2025,2015.0,46057,8.68
80,107562,Kusuriya no Hitorigoto,https://myanimelist.net/manga/107562/Kusuriya_no_Hitorigoto,Manga,,May 2017 -,May 2017 -,,2017.0,96546,8.68
81,35513,Koten-bu Series,https://myanimelist.net/manga/35513/Koten-bu_Series,Novel,,Oct 2001 -,Oct 2001 -,,2001.0,21446,8.67
82,399,Kino no Tabi: The Beautiful World,https://myanimelist.net/manga/399/Kino_no_Tabi__The_Beautiful_World,Light Novel,,Mar 2000 -,Mar 2000 -,,2000.0,22309,8.66
83,24875,Shinyaku Toaru Majutsu no Index,https://myanimelist.net/manga/24875/Shinyaku_Toaru_Majutsu_no_Index,Light Novel,23.0,Mar 2011 - Jul 2019,Mar 2011,Jul 2019,2011.0,18338,8.66
84,70399,Seishun Buta Yarou Series,https://myanimelist.net/manga/70399/Seishun_Buta_Yarou_Series,Light Novel,15.0,Apr 2014 - Oct 2024,Apr 2014,Oct 2024,2014.0,32998,8.66
85,85968,Golden Kamuy,https://myanimelist.net/manga/85968/Golden_Kamuy,Manga,31.0,Aug 2014 - Apr 2022,Aug 2014,Apr 2022,2014.0,112156,8.66
86,98930,Violet Evergarden,https://myanimelist.net/manga/98930/Violet_Evergarden,Light Novel,2.0,Dec 2015 - Dec 2016,Dec 2015,Dec 2016,2015.0,32911,8.66
87,123006,Bungou Stray Dogs: Beast,https://myanimelist.net/manga/123006/Bungou_Stray_Dogs__Beast,Manga,4.0,Dec 2019 - Jan 2022,Dec 2019,Jan 2022,2019.0,22522,8.66
88,132214,Omniscient Reader's Viewpoint,https://myanimelist.net/manga/132214/Omniscient_Readers_Viewpoint,Manhwa,,May 2020 -,May 2020 -,,2020.0,177041,8.66
89,137200,Mo Dao Zu Shi,https://myanimelist.net/manga/137200/Mo_Dao_Zu_Shi,Manhua,,Dec 2017 - Oct 2022,Dec 2017,Oct 2022,2017.0,21234,8.65
90,4,Yokohama Kaidashi Kikou,https://myanimelist.net/manga/4/Yokohama_Kaidashi_Kikou,Manga,14.0,Apr 1994 - Feb 2006,Apr 1994,Feb 2006,1994.0,87174,8.65
91,44,Gintama,https://myanimelist.net/manga/44/Gintama,Manga,77.0,Dec 2003 - Jun 2019,Dec 2003,Jun 2019,2003.0,105110,8.65
92,664,Akira,https://myanimelist.net/manga/664/Akira,Manga,6.0,Dec 1982 - Jun 1990,Dec 1982,Jun 1990,1982.0,150277,8.65
93,904,Kozure Ookami,https://myanimelist.net/manga/904/Kozure_Ookami,Manga,28.0,Sep 1970 - Apr 1976,Sep 1970,Apr 1976,1970.0,54564,8.65
94,88660,Yagate Kimi ni Naru,https://myanimelist.net/manga/88660/Yagate_Kimi_ni_Naru,Manga,8.0,Apr 2015 - Sep 2019,Apr 2015,Sep 2019,2015.0,126024,8.65
95,81,Aria,https://myanimelist.net/manga/81/Aria,Manga,12.0,Feb 2002 - Feb 2008,Feb 2002,Feb 2008,2002.0,45493,8.64
96,6978,Ginga Eiyuu Densetsu,https://myanimelist.net/manga/6978/Ginga_Eiyuu_Densetsu,Novel,10.0,Nov 1982 - Nov 1987,Nov 1982,Nov 1987,1982.0,13442,8.63
97,78523,ReLIFE,https://myanimelist.net/manga/78523/ReLIFE,Manga,15.0,Oct 2013 - Mar 2018,Oct 2013,Mar 2018,2013.0,178112,8.63
98,145863,Sayonara Eri,https://myanimelist.net/manga/145863/Sayonara_Eri,Manga,1.0,Apr 2022 - Apr 2022,Apr 2022,Apr 2022,2022.0,174464,8.63
99,160303,Koori no Jouheki,https://myanimelist.net/manga/160303/Koori_no_Jouheki,Manga,14.0,Jan 2020 - Apr 2022,Jan 2020,Apr 2022,2020.0,12167,8.64
100,116778,Chainsaw Man,https://myanimelist.net/manga/116778/Chainsaw_Man,Manga,24.0,Dec 2018 - Mar 2026,Dec 2018,Mar 2026,2018.0,745595,8.62
101,60783,Mob Psycho 100,https://myanimelist.net/manga/60783/Mob_Psycho_100,Manga,16.0,Apr 2012 - Dec 2017,Apr 2012,Dec 2017,2012.0,132448,8.62
102,116778,Chainsaw Man,https://myanimelist.net/manga/116778/Chainsaw_Man,Manga,24.0,Dec 2018 - Mar 2026,Dec 2018,Mar 2026,2018.0,745596,8.62
103,756,Banana Fish,https://myanimelist.net/manga/756/Banana_Fish,Manga,19.0,Apr 1985 - Mar 1994,Apr 1985,Mar 1994,1985.0,67778,8.61
104,60553,Kono Subarashii Sekai ni Shukufuku wo!,https://myanimelist.net/manga/60553/Kono_Subarashii_Sekai_ni_Shukufuku_wo,Light Novel,17.0,Oct 2013 - May 2020,Oct 2013,May 2020,2013.0,60470,8.61
105,61579,Tobaku Datenroku Kaiji: One Poker-hen,https://myanimelist.net/manga/61579/Tobaku_Datenroku_Kaiji__One_Poker-hen,Manga,16.0,Jun 2013 - Aug 2017,Jun 2013,Aug 2017,2013.0,12356,8.61
106,81669,Overlord,https://myanimelist.net/manga/81669/Overlord,Light Novel,,Jul 2012 -,Jul 2012 -,,2012.0,69600,8.61
107,107931,Blue Period,https://myanimelist.net/manga/107931/Blue_Period,Manga,,Jun 2017 -,Jun 2017 -,,2017.0,145676,8.61
108,1325,Hi no Tori,https://myanimelist.net/manga/1325/Hi_no_Tori,Manga,16.0,Dec 1966 - Feb 1988,Dec 1966,Feb 1988,1966.0,26911,8.6
109,11054,Billy Bat,https://myanimelist.net/manga/11054/Billy_Bat,Manga,20.0,Oct 2008 - Aug 2016,Oct 2008,Aug 2016,2008.0,91211,8.6
110,118289,Skip to Loafer,https://myanimelist.net/manga/118289/Skip_to_Loafer,Manga,,Aug 2018 -,Aug 2018 -,,2018.0,54884,8.6
111,145539,Seasons of Blossom,https://myanimelist.net/manga/145539/Seasons_of_Blossom,Manhwa,12.0,Jun 2020 - Mar 2023,Jun 2020,Mar 2023,2020.0,22922,8.6
112,180916,Kimi ni Okuru Eien,https://myanimelist.net/manga/180916/Kimi_ni_Okuru_Eien,Manga,1.0,Feb 2024 - Feb 2024,Feb 2024,Feb 2024,2024.0,3042,8.6
113,114043,"Umarekawattemo Mata, Watashi to Kekkon shitekuremasu ka",https://myanimelist.net/manga/114043/Umarekawattemo_Mata_Watashi_to_Kekkon_shitekuremasu_ka,Manga,4.0,Oct 2017 - Sep 2019,Oct 2017,Sep 2019,2017.0,35429,8.59
114,698,Shinseiki Evangelion,https://myanimelist.net/manga/698/Shinseiki_Evangelion,Manga,14.0,Dec 1994 - Jun 2013,Dec 1994,Jun 2013,1994.0,129951,8.59
115,13245,Chihayafuru,https://myanimelist.net/manga/13245/Chihayafuru,Manga,50.0,Dec 2007 - Aug 2022,Dec 2007,Aug 2022,2007.0,55566,8.59
116,37707,Shigatsu wa Kimi no Uso,https://myanimelist.net/manga/37707/Shigatsu_wa_Kimi_no_Uso,Manga,11.0,Apr 2011 - Feb 2015,Apr 2011,Feb 2015,2011.0,88702,8.59
117,2062,Kara no Kyoukai: The Garden of Sinners,https://myanimelist.net/manga/2062/Kara_no_Kyoukai__The_Garden_of_Sinners,Light Novel,2.0,Oct 1998 - Aug 1999,Oct 1998,Aug 1999,1998.0,19465,8.58
118,92559,Diamond no Ace Act II,https://myanimelist.net/manga/92559/Diamond_no_Ace_Act_II,Manga,34.0,Aug 2015 - Oct 2022,Aug 2015,Oct 2022,2015.0,20285,8.58
119,134744,The Legend of the Northern Blade,https://myanimelist.net/manga/134744/The_Legend_of_the_Northern_Blade,Manhwa,,Dec 2019 - Nov 2024,Dec 2019,Nov 2024,2019.0,60687,8.58
120,137303,Hirayasumi,https://myanimelist.net/manga/137303/Hirayasumi,Manga,,Apr 2021 -,Apr 2021 -,,2021.0,27200,8.58
121,3006,JoJo no Kimyou na Bouken Part 4: Diamond wa Kudakenai,https://myanimelist.net/manga/3006/JoJo_no_Kimyou_na_Bouken_Part_4__Diamond_wa_Kudakenai,Manga,18.0,Apr 1992 - Nov 1995,Apr 1992,Nov 1995,1992.0,116094,8.57
122,11514,Otoyomegatari,https://myanimelist.net/manga/11514/Otoyomegatari,Manga,,Oct 2008 -,Oct 2008 -,,2008.0,83787,8.57
123,66517,Umineko no Naku Koro ni,https://myanimelist.net/manga/66517/Umineko_no_Naku_Koro_ni,Light Novel,8.0,Jul 2009 - Aug 2010,Jul 2009,Aug 2010,2009.0,8230,8.57
124,79993,Umineko no Naku Koro ni Chiru,https://myanimelist.net/manga/79993/Umineko_no_Naku_Koro_ni_Chiru,Light Novel,7.0,Jul 2012 - Sep 2018,Jul 2012,Sep 2018,2012.0,5007,8.57
125,93097,Monogatari Series: Off Season,https://myanimelist.net/manga/93097/Monogatari_Series__Off_Season,Light Novel,4.0,Oct 2015 - Jan 2017,Oct 2015,Jan 2017,2015.0,8290,8.57
126,3031,Pandora Hearts,https://myanimelist.net/manga/3031/Pandora_Hearts,Manga,24.0,May 2006 - Mar 2015,May 2006,Mar 2015,2006.0,195824,8.56
127,23390,Shingeki no Kyojin,https://myanimelist.net/manga/23390/Shingeki_no_Kyojin,Manga,34.0,Sep 2009 - Apr 2021,Sep 2009,Apr 2021,2009.0,698059,8.56
128,33327,Tokyo Ghoul,https://myanimelist.net/manga/33327/Tokyo_Ghoul,Manga,14.0,Sep 2011 - Sep 2014,Sep 2011,Sep 2014,2011.0,576642,8.56
129,87844,The Fable,https://myanimelist.net/manga/87844/The_Fable,Manga,22.0,Nov 2014 - Nov 2019,Nov 2014,Nov 2019,2014.0,69242,8.56
130,103237,Wind Breaker,https://myanimelist.net/manga/103237/Wind_Breaker,Manhwa,,Dec 2013 - Jul 2025,Dec 2013,Jul 2025,2013.0,68435,8.56
131,116312,19 Tian,https://myanimelist.net/manga/116312/19_Tian,Manhua,,Oct 2018 -,Oct 2018 -,,2018.0,16248,8.56
132,138533,Nan Hao Shang Feng,https://myanimelist.net/manga/138533/Nan_Hao_Shang_Feng,Manhua,,Apr 2021 -,Apr 2021 -,,2021.0,25993,8.56
133,142310,Amayo no Tsuki,https://myanimelist.net/manga/142310/Amayo_no_Tsuki,Manga,,Jun 2021 -,Jun 2021 -,,2021.0,14912,8.56
134,170427,The Knight Only Lives Today,https://myanimelist.net/manga/170427/The_Knight_Only_Lives_Today,Manhwa,,May 2024 -,May 2024 -,,2024.0,27255,8.56
135,117851,Shimeji Simulation,https://myanimelist.net/manga/117851/Shimeji_Simulation,Manga,5.0,Jan 2019 - Nov 2023,Jan 2019,Nov 2023,2019.0,29943,8.55
136,121496,Solo Leveling,https://myanimelist.net/manga/121496/Solo_Leveling,Manhwa,15.0,Mar 2018 - May 2023,Mar 2018,May 2023,2018.0,627345,8.55
137,214,Kidou Senshi Gundam: The Origin,https://myanimelist.net/manga/214/Kidou_Senshi_Gundam__The_Origin,Manga,24.0,Jun 2001 - Jun 2014,Jun 2001,Jun 2014,2001.0,19295,8.55
138,610,Skip Beat!,https://myanimelist.net/manga/610/Skip_Beat,Manga,,Feb 2002 -,Feb 2002 -,,2002.0,96652,8.55
139,1342,Baccano!,https://myanimelist.net/manga/1342/Baccano,Light Novel,22.0,Feb 2003 - Aug 2016,Feb 2003,Aug 2016,2003.0,22760,8.55
140,3083,Suzumiya Haruhi Series,https://myanimelist.net/manga/3083/Suzumiya_Haruhi_Series,Light Novel,,Jun 2003 -,Jun 2003 -,,2003.0,40998,8.55
141,5744,Ping Pong,https://myanimelist.net/manga/5744/Ping_Pong,Manga,5.0,1996 - 1997,1996,1997,1996.0,26538,8.55
142,8157,Kamisama Hajimemashita,https://myanimelist.net/manga/8157/Kamisama_Hajimemashita,Manga,25.0,Feb 2008 - May 2016,Feb 2008,May 2016,2008.0,98105,8.55
143,21498,Umineko no Naku Koro ni Chiru - Episode 5: End of the Golden Witch,https://myanimelist.net/manga/21498/Umineko_no_Naku_Koro_ni_Chiru_-_Episode_5__End_of_the_Golden_Witch,Manga,6.0,Oct 2010 - Nov 2012,Oct 2010,Nov 2012,2010.0,18634,8.55
144,81211,Shuumatsu Nani Shitemasu ka? Isogashii desu ka? Sukutte Moratte Ii desu ka?,https://myanimelist.net/manga/81211/Shuumatsu_Nani_Shitemasu_ka_Isogashii_desu_ka_Sukutte_Moratte_Ii_desu_ka,Light Novel,5.0,Nov 2014 - Apr 2016,Nov 2014,Apr 2016,2014.0,28853,8.55
145,105084,Jibaku Shounen Hanako-kun,https://myanimelist.net/manga/105084/Jibaku_Shounen_Hanako-kun,Manga,,Dec 2014 -,Dec 2014 -,,2014.0,133570,8.55
146,11327,One Outs,https://myanimelist.net/manga/11327/One_Outs,Manga,20.0,Nov 1998 - Aug 2006,Nov 1998,Aug 2006,1998.0,40474,8.54
147,39859,Steins;Gate,https://myanimelist.net/manga/39859/Steins_Gate,Light Novel,5.0,Jun 2011 - May 2012,Jun 2011,May 2012,2011.0,15735,8.54
148,101396,Sasaki to Miyano,https://myanimelist.net/manga/101396/Sasaki_to_Miyano,Manga,,Feb 2016 -,Feb 2016 -,,2016.0,44142,8.54
149,180207,Youkoso Jitsuryoku Shijou Shugi no Kyoushitsu e: 3-nensei-hen,https://myanimelist.net/manga/180207/Youkoso_Jitsuryoku_Shijou_Shugi_no_Kyoushitsu_e__3-nensei-hen,Light Novel,,Mar 2025 -,Mar 2025 -,,2025.0,3955,8.54
150,164926,Webtoon Character Na Kang Lim,https://myanimelist.net/manga/164926/Webtoon_Character_Na_Kang_Lim,Manhwa,,May 2021 - Jul 2024,May 2021,Jul 2024,2021.0,20388,8.53
151,22,Rurouni Kenshin: Meiji Kenkaku Romantan,https://myanimelist.net/manga/22/Rurouni_Kenshin__Meiji_Kenkaku_Romantan,Manga,28.0,Apr 1994 - Sep 1999,Apr 1994,Sep 1999,1994.0,104895,8.53
152,102,Fruits Basket,https://myanimelist.net/manga/102/Fruits_Basket,Manga,23.0,Jul 1998 - Nov 2006,Jul 1998,Nov 2006,1998.0,152935,8.53
153,85719,Blue Giant,https://myanimelist.net/manga/85719/Blue_Giant,Manga,10.0,May 2013 - Aug 2016,May 2013,Aug 2016,2013.0,28924,8.53
154,3649,Fate/Zero,https://myanimelist.net/manga/3649/Fate_Zero,Light Novel,4.0,Dec 2006 - Dec 2007,Dec 2006,Dec 2007,2006.0,30605,8.52
155,159387,Mushoku Tensei: Dasoku-hen,https://myanimelist.net/manga/159387/Mushoku_Tensei__Dasoku-hen,Light Novel,,Jun 2023 -,Jun 2023 -,,2023.0,5284,8.52
156,147448,After School Lessons for Unripe Apples,https://myanimelist.net/manga/147448/After_School_Lessons_for_Unripe_Apples,Manhwa,,Dec 2020 -,Dec 2020 -,,2020.0,10380,8.51
157,21499,Umineko no Naku Koro ni Chiru - Episode 6: Dawn of the Golden Witch,https://myanimelist.net/manga/21499/Umineko_no_Naku_Koro_ni_Chiru_-_Episode_6__Dawn_of_the_Golden_Witch,Manga,6.0,Nov 2010 - Nov 2012,Nov 2010,Nov 2012,2010.0,16413,8.51
158,104538,Kimi no Suizou wo Tabetai,https://myanimelist.net/manga/104538/Kimi_no_Suizou_wo_Tabetai,Manga,2.0,Aug 2016 - May 2017,Aug 2016,May 2017,2016.0,52890,8.51
159,30,Ouran Koukou Host Club,https://myanimelist.net/manga/30/Ouran_Koukou_Host_Club,Manga,18.0,Jul 2002 - Sep 2010,Jul 2002,Sep 2010,2002.0,137942,8.5
160,25515,JoJo no Kimyou na Bouken Part 8: JoJolion,https://myanimelist.net/manga/25515/JoJo_no_Kimyou_na_Bouken_Part_8__JoJolion,Manga,27.0,May 2011 - Aug 2021,May 2011,Aug 2021,2011.0,178847,8.5
161,28393,Sakamichi no Apollon,https://myanimelist.net/manga/28393/Sakamichi_no_Apollon,Manga,9.0,Sep 2007 - Jan 2012,Sep 2007,Jan 2012,2007.0,34197,8.5
162,115506,Yagate Kimi ni Naru: Saeki Sayaka ni Tsuite,https://myanimelist.net/manga/115506/Yagate_Kimi_ni_Naru__Saeki_Sayaka_ni_Tsuite,Light Novel,3.0,Nov 2018 - Mar 2020,Nov 2018,Mar 2020,2018.0,9791,8.5
163,133641,Villains Are Destined to Die,https://myanimelist.net/manga/133641/Villains_Are_Destined_to_Die,Manhwa,,May 2020 -,May 2020 -,,2020.0,52382,8.5
164,147171,Eleceed,https://myanimelist.net/manga/147171/Eleceed,Manhwa,,Oct 2018 -,Oct 2018 -,,2018.0,46586,8.5
165,167788,Xiao Mogu,https://myanimelist.net/manga/167788/Xiao_Mogu,Manhua,,Aug 2023 -,Aug 2023 -,,2023.0,2459,8.5
166,113010,Bakemonogatari,https://myanimelist.net/manga/113010/Bakemonogatari,Manga,22.0,Mar 2018 - Mar 2023,Mar 2018,Mar 2023,2018.0,46078,8.49
167,124374,Souyaku Toaru Majutsu no Index,https://myanimelist.net/manga/124374/Souyaku_Toaru_Majutsu_no_Index,Light Novel,,Feb 2020 -,Feb 2020 -,,2020.0,5177,8.49
168,136103,Haruka Tooki Ie,https://myanimelist.net/manga/136103/Haruka_Tooki_Ie,Manga,1.0,Sep 2020 - Feb 2021,Sep 2020,Feb 2021,2020.0,7880,8.49
169,141120,The Boxer,https://myanimelist.net/manga/141120/The_Boxer,Manhwa,13.0,Dec 2019 - May 2022,Dec 2019,May 2022,2019.0,61607,8.49
170,1469,Glass no Kamen,https://myanimelist.net/manga/1469/Glass_no_Kamen,Manga,49.0,Jan 1976 - May 2012,Jan 1976,May 2012,1976.0,13930,8.49
171,6812,Kyou kara Ore wa!!,https://myanimelist.net/manga/6812/Kyou_kara_Ore_wa,Manga,38.0,1988 - Oct 1997,1988,Oct 1997,1988.0,24042,8.49
172,18200,Sotsugyousei,https://myanimelist.net/manga/18200/Sotsugyousei,Manga,2.0,Jan 2008 - Aug 2009,Jan 2008,Aug 2009,2008.0,22359,8.49
173,79085,Given,https://myanimelist.net/manga/79085/Given,Manga,9.0,Apr 2013 - Mar 2023,Apr 2013,Mar 2023,2013.0,72263,8.49
174,1183,Cross Game,https://myanimelist.net/manga/1183/Cross_Game,Manga,17.0,Sep 2005 - Feb 2010,Sep 2005,Feb 2010,2005.0,24816,8.48
175,11734,Watashitachi no Shiawase na Jikan,https://myanimelist.net/manga/11734/Watashitachi_no_Shiawase_na_Jikan,Manga,1.0,Mar 2008 - Aug 2008,Mar 2008,Aug 2008,2008.0,124489,8.48
176,38071,Spirit Circle,https://myanimelist.net/manga/38071/Spirit_Circle,Manga,6.0,May 2012 - Mar 2016,May 2012,Mar 2016,2012.0,50993,8.48
177,44307,Kakukaku Shikajika,https://myanimelist.net/manga/44307/Kakukaku_Shikajika,Manga,5.0,Nov 2011 - Jan 2015,Nov 2011,Jan 2015,2011.0,31014,8.48
178,88639,"Ohayou, Ibarahime",https://myanimelist.net/manga/88639/Ohayou_Ibarahime,Manga,6.0,Nov 2014 - May 2017,Nov 2014,May 2017,2014.0,42157,8.48
179,110771,Toshokan no Daimajutsushi,https://myanimelist.net/manga/110771/Toshokan_no_Daimajutsushi,Manga,,Nov 2017 -,Nov 2017 -,,2017.0,29613,8.48
180,123649,Otonari no Tenshi-sama ni Itsunomanika Dame Ningen ni Sareteita Ken,https://myanimelist.net/manga/123649/Otonari_no_Tenshi-sama_ni_Itsunomanika_Dame_Ningen_ni_Sareteita_Ken,Light Novel,,Jun 2019 -,Jun 2019 -,,2019.0,25656,8.48
181,162964,Mayonaka Heart Tune,https://myanimelist.net/manga/162964/Mayonaka_Heart_Tune,Manga,,Sep 2023 -,Sep 2023 -,,2023.0,32749,8.48
182,112370,Spirit Fingers,https://myanimelist.net/manga/112370/Spirit_Fingers,Manhwa,13.0,May 2015 - Jul 2018,May 2015,Jul 2018,2015.0,10118,8.47
183,115922,Kage no Jitsuryokusha ni Naritakute!,https://myanimelist.net/manga/115922/Kage_no_Jitsuryokusha_ni_Naritakute,Light Novel,,Nov 2018 -,Nov 2018 -,,2018.0,28976,8.47
184,119072,Here U Are,https://myanimelist.net/manga/119072/Here_U_Are,Manhua,,Nov 2017 - Dec 2020,Nov 2017,Dec 2020,2017.0,33968,8.47
185,121504,Yubisaki to Renren,https://myanimelist.net/manga/121504/Yubisaki_to_Renren,Manga,,Jul 2019 -,Jul 2019 -,,2019.0,65139,8.47
186,138406,"Natsu e no Tunnel, Sayonara no Deguchi",https://myanimelist.net/manga/138406/Natsu_e_no_Tunnel_Sayonara_no_Deguchi,Light Novel,1.0,Jul 2019 - Jul 2019,Jul 2019,Jul 2019,2019.0,10471,8.47
187,143325,Lost in the Cloud,https://myanimelist.net/manga/143325/Lost_in_the_Cloud,Manhwa,,Nov 2020 - Jan 2025,Nov 2020,Jan 2025,2020.0,15764,8.47
188,146878,Return of the Blossoming Blade,https://myanimelist.net/manga/146878/Return_of_the_Blossoming_Blade,Manhwa,,Mar 2021 -,Mar 2021 -,,2021.0,43271,8.47
189,3299,Ookami to Koushinryou,https://myanimelist.net/manga/3299/Ookami_to_Koushinryou,Manga,16.0,Sep 2007 - Dec 2017,Sep 2007,Dec 2017,2007.0,46759,8.47
190,3572,Tobaku Mokushiroku Kaiji,https://myanimelist.net/manga/3572/Tobaku_Mokushiroku_Kaiji,Manga,13.0,Feb 1996 - Jul 1999,Feb 1996,Jul 1999,1996.0,25054,8.47
191,4658,Fullmetal Alchemist,https://myanimelist.net/manga/4658/Fullmetal_Alchemist,Light Novel,6.0,Feb 2003 - Mar 2007,Feb 2003,Mar 2007,2003.0,19223,8.47
192,7482,Rainbow: Nisha Rokubou no Shichinin,https://myanimelist.net/manga/7482/Rainbow__Nisha_Rokubou_no_Shichinin,Manga,22.0,Nov 2002 - Jan 2010,Nov 2002,Jan 2010,2002.0,43599,8.47
193,36413,Hinamatsuri,https://myanimelist.net/manga/36413/Hinamatsuri,Manga,19.0,Jun 2010 - Jul 2020,Jun 2010,Jul 2020,2010.0,61463,8.47
194,46282,Chikan Otoko,https://myanimelist.net/manga/46282/Chikan_Otoko,Manga,,2004 - 2004,2004,2004,2004.0,52594,8.47
195,87397,Shiori Experience: Jimi na Watashi to Hen na Ojisan,https://myanimelist.net/manga/87397/Shiori_Experience__Jimi_na_Watashi_to_Hen_na_Ojisan,Manga,,Oct 2013 -,Oct 2013 -,,2013.0,24730,8.47
196,87610,Tensei shitara Slime Datta Ken,https://myanimelist.net/manga/87610/Tensei_shitara_Slime_Datta_Ken,Light Novel,23.0,May 2014 - Nov 2025,May 2014,Nov 2025,2014.0,45597,8.47
197,92299,Berserk: Shinen no Kami 2,https://myanimelist.net/manga/92299/Berserk__Shinen_no_Kami_2,One-shot,,Jul 1996 - Jul 1996,Jul 1996,Jul 1996,1996.0,20653,8.47
198,93753,Vanitas no Karte,https://myanimelist.net/manga/93753/Vanitas_no_Karte,Manga,,Dec 2015 -,Dec 2015 -,,2015.0,76529,8.47
199,42,Dragon Ball,https://myanimelist.net/manga/42/Dragon_Ball,Manga,42.0,Nov 1984 - May 1995,Nov 1984,May 1995,1984.0,185594,8.46
200,43,Eyeshield 21,https://myanimelist.net/manga/43/Eyeshield_21,Manga,37.0,Jul 2002 - Jun 2009,Jul 2002,Jun 2009,2002.0,83405,8.46
201,7519,Kami nomi zo Shiru Sekai,https://myanimelist.net/manga/7519/Kami_nomi_zo_Shiru_Sekai,Manga,26.0,Apr 2008 - Apr 2014,Apr 2008,Apr 2014,2008.0,115719,8.46
202,42001,Song of the Long March,https://myanimelist.net/manga/42001/Song_of_the_Long_March,Manhua,,Feb 2011 -,Feb 2011 -,,2011.0,32958,8.46
203,56529,Bungou Stray Dogs,https://myanimelist.net/manga/56529/Bungou_Stray_Dogs,Manga,,Dec 2012 -,Dec 2012 -,,2012.0,105385,8.46
204,77597,Adachi to Shimamura,https://myanimelist.net/manga/77597/Adachi_to_Shimamura,Light Novel,,Oct 2012 -,Oct 2012 -,,2012.0,13408,8.46
205,88930,Youjo Senki,https://myanimelist.net/manga/88930/Youjo_Senki,Light Novel,,Oct 2013 -,Oct 2013 -,,2013.0,27431,8.46
206,97244,Shimanami Tasogare,https://myanimelist.net/manga/97244/Shimanami_Tasogare,Manga,4.0,Mar 2015 - May 2018,Mar 2015,May 2018,2015.0,71532,8.46
207,100323,Yuukoku no Moriarty,https://myanimelist.net/manga/100323/Yuukoku_no_Moriarty,Manga,,Aug 2016 -,Aug 2016 -,,2016.0,43915,8.46
208,112988,blanc,https://myanimelist.net/manga/112988/blanc,Manga,2.0,Feb 2018 - Sep 2020,Feb 2018,Sep 2020,2018.0,10983,8.46
209,119279,Hirano to Kagiura,https://myanimelist.net/manga/119279/Hirano_to_Kagiura,Manga,,Mar 2019 -,Mar 2019 -,,2019.0,14216,8.46
210,147585,Sensou Kyoushitsu,https://myanimelist.net/manga/147585/Sensou_Kyoushitsu,Manga,,Jun 2022 -,Jun 2022 -,,2022.0,21015,8.46
211,111213,Bastard,https://myanimelist.net/manga/111213/Bastard,Manhwa,5.0,Jul 2014 - May 2016,Jul 2014,May 2016,2014.0,155214,8.45
212,119161,Spy x Family,https://myanimelist.net/manga/119161/Spy_x_Family,Manga,,Mar 2019 -,Mar 2019 -,,2019.0,341180,8.45
213,121269,Who Made Me a Princess,https://myanimelist.net/manga/121269/Who_Made_Me_a_Princess,Manhwa,,Dec 2017 - Dec 2025,Dec 2017,Dec 2025,2017.0,69958,8.45
214,131338,Whale Star: The Gyeongseong Mermaid,https://myanimelist.net/manga/131338/Whale_Star__The_Gyeongseong_Mermaid,Manhwa,6.0,Jun 2019 - Jul 2021,Jun 2019,Jul 2021,2019.0,5437,8.45
215,1032,Doraemon,https://myanimelist.net/manga/1032/Doraemon,Manga,45.0,Dec 1969 - 1996,Dec 1969,1996,1969.0,18167,8.45
216,3573,Tobaku Hakairoku Kaiji,https://myanimelist.net/manga/3573/Tobaku_Hakairoku_Kaiji,Manga,13.0,Nov 2000 - Apr 2004,Nov 2000,Apr 2004,2000.0,13465,8.45
217,17051,Barakamon,https://myanimelist.net/manga/17051/Barakamon,Manga,20.0,Feb 2008 - Jul 2023,Feb 2008,Jul 2023,2008.0,46643,8.45
218,974,Basara,https://myanimelist.net/manga/974/Basara,Manga,27.0,Aug 1990 - May 1998,Aug 1990,May 1998,1990.0,28618,8.44
219,3285,Holyland,https://myanimelist.net/manga/3285/Holyland,Manga,18.0,Oct 2000 - May 2008,Oct 2000,May 2008,2000.0,99344,8.44
220,138673,Look Back,https://myanimelist.net/manga/138673/Look_Back,Manga,1.0,Jul 2021 - Jul 2021,Jul 2021,Jul 2021,2021.0,132629,8.44
221,138481,Make Heroine ga Oosugiru!,https://myanimelist.net/manga/138481/Make_Heroine_ga_Oosugiru,Light Novel,,Jul 2021 -,Jul 2021 -,,2021.0,9529,8.43
222,141833,Hikaru ga Shinda Natsu,https://myanimelist.net/manga/141833/Hikaru_ga_Shinda_Natsu,Manga,,Aug 2021 -,Aug 2021 -,,2021.0,74616,8.43
223,166372,Love Bullet,https://myanimelist.net/manga/166372/Love_Bullet,Manga,,Oct 2023 -,Oct 2023 -,,2023.0,23806,8.43
224,658,Mugen no Juunin,https://myanimelist.net/manga/658/Mugen_no_Juunin,Manga,30.0,Jun 1993 - Dec 2012,Jun 1993,Dec 2012,1993.0,93265,8.43
225,743,21st Century Boys,https://myanimelist.net/manga/743/21st_Century_Boys,Manga,2.0,Dec 2006 - Jul 2007,Dec 2006,Jul 2007,2006.0,112762,8.43
226,26728,No.6,https://myanimelist.net/manga/26728/No6,Novel,9.0,Oct 2003 - Jun 2011,Oct 2003,Jun 2011,2003.0,23001,8.43
227,29211,Gekkan Shoujo Nozaki-kun,https://myanimelist.net/manga/29211/Gekkan_Shoujo_Nozaki-kun,Manga,,Aug 2011 -,Aug 2011 -,,2011.0,86669,8.43
228,83903,Fate/strange Fake,https://myanimelist.net/manga/83903/Fate_strange_Fake,Light Novel,,Jan 2015 -,Jan 2015 -,,2015.0,11728,8.43
229,3807,Juuni Kokuki,https://myanimelist.net/manga/3807/Juuni_Kokuki,Light Novel,,Jun 1992 -,Jun 1992 -,,1992.0,11437,8.42
230,93699,Innocent Rouge,https://myanimelist.net/manga/93699/Innocent_Rouge,Manga,12.0,May 2015 - Jan 2020,May 2015,Jan 2020,2015.0,37826,8.42
231,98380,Bungou Stray Dogs,https://myanimelist.net/manga/98380/Bungou_Stray_Dogs,Light Novel,,Apr 2014 -,Apr 2014 -,,2014.0,13255,8.42
232,147986,The Spark in Your Eyes,https://myanimelist.net/manga/147986/The_Spark_in_Your_Eyes,Manhwa,,Jun 2020 - Dec 2025,Jun 2020,Dec 2025,2020.0,12065,8.42
233,114745,Blue Lock,https://myanimelist.net/manga/114745/Blue_Lock,Manga,,Aug 2018 -,Aug 2018 -,,2018.0,226471,8.41
234,121781,Shousetsu Kimi no Na wa.,https://myanimelist.net/manga/121781/Shousetsu_Kimi_no_Na_wa,Novel,1.0,Jun 2016 - Jun 2016,Jun 2016,Jun 2016,2016.0,11329,8.41
235,142171,Silent Witch: Chinmoku no Majo no Kakushigoto,https://myanimelist.net/manga/142171/Silent_Witch__Chinmoku_no_Majo_no_Kakushigoto,Light Novel,,Jun 2021 -,Jun 2021 -,,2021.0,4689,8.41
236,152024,"Bungou Stray Dogs: Dazai, Chuuya, Juugosai",https://myanimelist.net/manga/152024/Bungou_Stray_Dogs__Dazai_Chuuya_Juugosai,Manga,4.0,Sep 2022 - Aug 2024,Sep 2022,Aug 2024,2022.0,3578,8.41
237,154587,Pick Me Up,https://myanimelist.net/manga/154587/Pick_Me_Up,Manhwa,,Dec 2022 -,Dec 2022 -,,2022.0,45064,8.41
238,165876,Houkago Kitaku Biyori,https://myanimelist.net/manga/165876/Houkago_Kitaku_Biyori,Manga,,Aug 2023 -,Aug 2023 -,,2023.0,13568,8.41
239,419,Nodame Cantabile,https://myanimelist.net/manga/419/Nodame_Cantabile,Manga,25.0,Jul 2001 - Aug 2010,Jul 2001,Aug 2010,2001.0,30330,8.41
240,3866,Kuroshitsuji,https://myanimelist.net/manga/3866/Kuroshitsuji,Manga,,Sep 2006 -,Sep 2006 -,,2006.0,171958,8.41
241,12854,Toaru Majutsu no Index,https://myanimelist.net/manga/12854/Toaru_Majutsu_no_Index,Light Novel,22.0,Apr 2004 - Oct 2010,Apr 2004,Oct 2010,2004.0,34146,8.41
242,94376,Yuru Camp△,https://myanimelist.net/manga/94376/Yuru_Camp△,Manga,,May 2015 -,May 2015 -,,2015.0,22790,8.41
243,660,Versailles no Bara,https://myanimelist.net/manga/660/Versailles_no_Bara,Manga,10.0,May 1972 - Dec 1973,May 1972,Dec 1973,1972.0,22889,8.4
244,3082,Nichijou,https://myanimelist.net/manga/3082/Nichijou,Manga,,Jun 2006 -,Jun 2006 -,,2006.0,46667,8.4
245,6164,My Girl,https://myanimelist.net/manga/6164/My_Girl,Manga,5.0,Jun 2006 - Sep 2010,Jun 2006,Sep 2010,2006.0,37461,8.4
246,8967,Onanie Master Kurosawa,https://myanimelist.net/manga/8967/Onanie_Master_Kurosawa,Manga,4.0,Sep 2007 - Mar 2008,Sep 2007,Mar 2008,2007.0,161250,8.4
247,16081,Umineko no Naku Koro ni - Episode 3: Banquet of the Golden Witch,https://myanimelist.net/manga/16081/Umineko_no_Naku_Koro_ni_-_Episode_3__Banquet_of_the_Golden_Witch,Manga,5.0,Sep 2009 - Jun 2011,Sep 2009,Jun 2011,2009.0,19103,8.4
248,42451,Horimiya,https://myanimelist.net/manga/42451/Horimiya,Manga,17.0,Oct 2011 - Mar 2021,Oct 2011,Mar 2021,2011.0,362777,8.4
249,48399,No Game No Life,https://myanimelist.net/manga/48399/No_Game_No_Life,Light Novel,,Apr 2012 -,Apr 2012 -,,2012.0,63719,8.4
250,99314,Kimi no Na wa.,https://myanimelist.net/manga/99314/Kimi_no_Na_wa,Manga,3.0,May 2016 - Jan 2017,May 2016,Jan 2017,2016.0,99502,8.4
251,118737,Her Tale of Shim Chong,https://myanimelist.net/manga/118737/Her_Tale_of_Shim_Chong,Manhwa,7.0,Sep 2017 - Mar 2019,Sep 2017,Mar 2019,2017.0,13044,8.4
252,120616,Urasekai Picnic,https://myanimelist.net/manga/120616/Urasekai_Picnic,Novel,,Feb 2017 -,Feb 2017 -,,2017.0,4895,8.4
253,121213,Kimi wa Houkago Insomnia,https://myanimelist.net/manga/121213/Kimi_wa_Houkago_Insomnia,Manga,14.0,May 2019 - Aug 2023,May 2019,Aug 2023,2019.0,61705,8.4
254,144011,Kimi no Yoru ni Fureru,https://myanimelist.net/manga/144011/Kimi_no_Yoru_ni_Fureru,Manga,1.0,Aug 2021 - Aug 2022,Aug 2021,Aug 2022,2021.0,8709,8.4
255,148542,Akuyaku Reijou no Naka no Hito: Danzai sareta Tenseisha no Tame Usotsuki Heroine ni Fukushuu Itashimasu,https://myanimelist.net/manga/148542/Akuyaku_Reijou_no_Naka_no_Hito__Danzai_sareta_Tenseisha_no_Tame_Usotsuki_Heroine_ni_Fukushuu_Itashimasu,Manga,6.0,Nov 2021 - May 2025,Nov 2021,May 2025,2021.0,17255,8.39
256,162733,Mairimashita! Iruma-kun: If Episode of Mafia,https://myanimelist.net/manga/162733/Mairimashita_Iruma-kun__If_Episode_of_Mafia,Manga,,Sep 2023 -,Sep 2023 -,,2023.0,5348,8.39
257,1414,SKET Dance,https://myanimelist.net/manga/1414/SKET_Dance,Manga,32.0,Jul 2007 - Jul 2013,Jul 2007,Jul 2013,2007.0,36263,8.39
258,10,xxxHOLiC,https://myanimelist.net/manga/10/xxxHOLiC,Manga,19.0,Feb 2003 - Feb 2011,Feb 2003,Feb 2011,2003.0,92931,8.38
259,85,Azumanga Daioh,https://myanimelist.net/manga/85/Azumanga_Daioh,Manga,4.0,Jan 1999 - Mar 2002,Jan 1999,Mar 2002,1999.0,62181,8.38
260,106,Cardcaptor Sakura,https://myanimelist.net/manga/106/Cardcaptor_Sakura,Manga,12.0,May 1996 - Jul 2000,May 1996,Jul 2000,1996.0,71129,8.38
261,768,Gunnm,https://myanimelist.net/manga/768/Gunnm,Manga,9.0,Nov 1990 - Mar 1995,Nov 1990,Mar 1995,1990.0,93990,8.38
262,2895,Piano no Mori,https://myanimelist.net/manga/2895/Piano_no_Mori,Manga,26.0,Aug 1998 - Nov 2015,Aug 1998,Nov 2015,1998.0,17953,8.38
263,3571,Ten: Tenhou-doori no Kaidanji,https://myanimelist.net/manga/3571/Ten__Tenhou-doori_no_Kaidanji,Manga,18.0,Aug 1989 - Apr 2002,Aug 1989,Apr 2002,1989.0,7450,8.38
264,18161,Katanagatari,https://myanimelist.net/manga/18161/Katanagatari,Light Novel,12.0,Jan 2007 - Dec 2007,Jan 2007,Dec 2007,2007.0,9099,8.38
265,26704,Shouwa Genroku Rakugo Shinjuu,https://myanimelist.net/manga/26704/Shouwa_Genroku_Rakugo_Shinjuu,Manga,10.0,Mar 2010 - Jun 2016,Mar 2010,Jun 2016,2010.0,11461,8.38
266,33031,Imawa no Kuni no Alice,https://myanimelist.net/manga/33031/Imawa_no_Kuni_no_Alice,Manga,18.0,Nov 2010 - Mar 2016,Nov 2010,Mar 2016,2010.0,97694,8.38
267,48621,Koe no Katachi,https://myanimelist.net/manga/48621/Koe_no_Katachi,One-shot,,Jan 2011 - Jan 2011,Jan 2011,Jan 2011,2011.0,63440,8.38
268,95012,"Kumo desu ga, Nani ka?",https://myanimelist.net/manga/95012/Kumo_desu_ga_Nani_ka,Light Novel,16.0,Dec 2015 - Jan 2022,Dec 2015,Jan 2022,2015.0,31082,8.38
269,95243,Re:Zero kara Hajimeru Isekai Seikatsu Ex,https://myanimelist.net/manga/95243/Re_Zero_kara_Hajimeru_Isekai_Seikatsu_Ex,Light Novel,,Jun 2015 -,Jun 2015 -,,2015.0,7235,8.38
270,104241,Mairimashita! Iruma-kun,https://myanimelist.net/manga/104241/Mairimashita_Iruma-kun,Manga,,Mar 2017 -,Mar 2017 -,,2017.0,74971,8.38
271,106602,Bleach: Can't Fear Your Own World,https://myanimelist.net/manga/106602/Bleach__Cant_Fear_Your_Own_World,Light Novel,3.0,Aug 2017 - Dec 2018,Aug 2017,Dec 2018,2017.0,10890,8.38
272,110160,"Mata, Onaji Yume wo Miteita",https://myanimelist.net/manga/110160/Mata_Onaji_Yume_wo_Miteita,Manga,3.0,Sep 2017 - Aug 2018,Sep 2017,Aug 2018,2017.0,27836,8.38
273,122906,Kieta Hatsukoi,https://myanimelist.net/manga/122906/Kieta_Hatsukoi,Manga,9.0,Jun 2019 - Jun 2022,Jun 2019,Jun 2022,2019.0,24509,8.38
274,135496,Dandadan,https://myanimelist.net/manga/135496/Dandadan,Manga,,Apr 2021 -,Apr 2021 -,,2021.0,218922,8.38
275,115730,Shadows House,https://myanimelist.net/manga/115730/Shadows_House,Manga,,Sep 2018 -,Sep 2018 -,,2018.0,52111,8.37
276,155861,Kininatteru Hito ga Otoko ja Nakatta,https://myanimelist.net/manga/155861/Kininatteru_Hito_ga_Otoko_ja_Nakatta,Manga,,Apr 2023 -,Apr 2023 -,,2023.0,66219,8.37
277,401,Kiseijuu,https://myanimelist.net/manga/401/Kiseijuu,Manga,10.0,Jul 1989 - Dec 1994,Jul 1989,Dec 1994,1989.0,113577,8.37
278,869,Konjiki no Gash!!,https://myanimelist.net/manga/869/Konjiki_no_Gash,Manga,33.0,Jan 2001 - Dec 2007,Jan 2001,Dec 2007,2001.0,37876,8.37
279,2921,Kaichou wa Maid-sama!,https://myanimelist.net/manga/2921/Kaichou_wa_Maid-sama,Manga,18.0,Dec 2005 - Sep 2013,Dec 2005,Sep 2013,2005.0,175707,8.37
280,8586,The Breaker,https://myanimelist.net/manga/8586/The_Breaker,Manhwa,10.0,Jun 2007 - Jul 2010,Jun 2007,Jul 2010,2007.0,152014,8.37
281,15547,Kiichi VS,https://myanimelist.net/manga/15547/Kiichi_VS,Manga,11.0,Jul 2007 - Jun 2013,Jul 2007,Jun 2013,2007.0,4853,8.37
282,39325,Boku dake ga Inai Machi,https://myanimelist.net/manga/39325/Boku_dake_ga_Inai_Machi,Manga,9.0,Jun 2012 - Nov 2016,Jun 2012,Nov 2016,2012.0,95841,8.37
283,48347,Ballroom e Youkoso,https://myanimelist.net/manga/48347/Ballroom_e_Youkoso,Manga,,Nov 2011 -,Nov 2011 -,,2011.0,44076,8.37
284,87953,Shousetsu Akatsuki no Yona: Onaji Tsuki no Shita de,https://myanimelist.net/manga/87953/Shousetsu_Akatsuki_no_Yona__Onaji_Tsuki_no_Shita_de,Light Novel,1.0,Mar 2015 - Mar 2015,Mar 2015,Mar 2015,2015.0,13830,8.37
285,98436,Youjo Senki,https://myanimelist.net/manga/98436/Youjo_Senki,Manga,,Apr 2016 -,Apr 2016 -,,2016.0,35030,8.37
286,1013,Touch,https://myanimelist.net/manga/1013/Touch,Manga,26.0,Aug 1981 - Nov 1986,Aug 1981,Nov 1986,1981.0,16173,8.36
287,9711,Bakuman.,https://myanimelist.net/manga/9711/Bakuman,Manga,20.0,Aug 2008 - Apr 2012,Aug 2008,Apr 2012,2008.0,187344,8.36
288,22651,The Breaker: New Waves,https://myanimelist.net/manga/22651/The_Breaker__New_Waves,Manhwa,20.0,Oct 2010 - May 2015,Oct 2010,May 2015,2010.0,98942,8.36
289,24692,Noragami,https://myanimelist.net/manga/24692/Noragami,Manga,27.0,Dec 2010 - Jan 2024,Dec 2010,Jan 2024,2010.0,200661,8.36
290,81117,Tokyo Ghoul:re,https://myanimelist.net/manga/81117/Tokyo_Ghoul_re,Manga,16.0,Oct 2014 - Jul 2018,Oct 2014,Jul 2018,2014.0,329171,8.36
291,87609,Tensei shitara Slime Datta Ken,https://myanimelist.net/manga/87609/Tensei_shitara_Slime_Datta_Ken,Manga,,Mar 2015 -,Mar 2015 -,,2015.0,151018,8.36
292,90531,Naruto Shinden Series,https://myanimelist.net/manga/90531/Naruto_Shinden_Series,Light Novel,3.0,Sep 2015 - Nov 2015,Sep 2015,Nov 2015,2015.0,13724,8.36
293,93516,SQ: Begin W/Your Name!,https://myanimelist.net/manga/93516/SQ__Begin_W_Your_Name,Manhua,1.0,Oct 2015 - Oct 2015,Oct 2015,Oct 2015,2015.0,70272,8.36
294,100922,Blue Giant Supreme,https://myanimelist.net/manga/100922/Blue_Giant_Supreme,Manga,11.0,Sep 2016 - Apr 2020,Sep 2016,Apr 2020,2016.0,7269,8.36
295,113819,Violet Evergarden Gaiden,https://myanimelist.net/manga/113819/Violet_Evergarden_Gaiden,Light Novel,1.0,Mar 2018 - Mar 2018,Mar 2018,Mar 2018,2018.0,4921,8.36
296,123444,Teito Seihai Kitan: Fate/type Redline,https://myanimelist.net/manga/123444/Teito_Seihai_Kitan__Fate_type_Redline,Manga,,Dec 2019 -,Dec 2019 -,,2019.0,18802,8.36
297,141466,Chiikawa: Nanka Chiisakute Kawaii Yatsu,https://myanimelist.net/manga/141466/Chiikawa__Nanka_Chiisakute_Kawaii_Yatsu,Manga,,Feb 2021 -,Feb 2021 -,,2021.0,2165,8.36
298,119282,NHK ni Youkoso!,https://myanimelist.net/manga/119282/NHK_ni_Youkoso,Novel,1.0,Jan 2002 - Jan 2002,Jan 2002,Jan 2002,2002.0,8936,8.35
299,149493,Daytime Star,https://myanimelist.net/manga/149493/Daytime_Star,Manhwa,,Jun 2021 - Jan 2023,Jun 2021,Jan 2023,2021.0,13335,8.35
300,154545,Youkoso Jitsuryoku Shijou Shugi no Kyoushitsu e 0,https://myanimelist.net/manga/154545/Youkoso_Jitsuryoku_Shijou_Shugi_no_Kyoushitsu_e_0,Light Novel,1.0,Dec 2022 - Dec 2022,Dec 2022,Dec 2022,2022.0,3679,8.35
301,895,Full Metal Panic! Sigma,https://myanimelist.net/manga/895/Full_Metal_Panic_Sigma,Manga,19.0,Apr 2005 - Sep 2013,Apr 2005,Sep 2013,2005.0,13792,8.35
302,923,Kanata kara,https://myanimelist.net/manga/923/Kanata_kara,Manga,14.0,Sep 1991 - Jan 2003,Sep 1991,Jan 2003,1991.0,18324,8.35
303,1600,Black Jack,https://myanimelist.net/manga/1600/Black_Jack,Manga,25.0,Nov 1973 - Oct 1983,Nov 1973,Oct 1983,1973.0,26359,8.35
304,15306,Takemitsuzamurai,https://myanimelist.net/manga/15306/Takemitsuzamurai,Manga,8.0,Aug 2006 - Mar 2010,Aug 2006,Mar 2010,2006.0,17031,8.35
305,16144,Umineko no Naku Koro ni - Episode 4: Alliance of the Golden Witch,https://myanimelist.net/manga/16144/Umineko_no_Naku_Koro_ni_-_Episode_4__Alliance_of_the_Golden_Witch,Manga,6.0,Oct 2009 - Feb 2012,Oct 2009,Feb 2012,2009.0,17910,8.35
306,25096,Gin no Saji,https://myanimelist.net/manga/25096/Gin_no_Saji,Manga,15.0,Apr 2011 - Nov 2019,Apr 2011,Nov 2019,2011.0,46986,8.35
307,62795,Tomodachi Game,https://myanimelist.net/manga/62795/Tomodachi_Game,Manga,26.0,Dec 2013 - Aug 2024,Dec 2013,Aug 2024,2013.0,98558,8.35
308,936,Homunculus,https://myanimelist.net/manga/936/Homunculus,Manga,15.0,Mar 2003 - Feb 2011,Mar 2003,Feb 2011,2003.0,176913,8.34
309,1111,Buddha,https://myanimelist.net/manga/1111/Buddha,Manga,14.0,Sep 1972 - Nov 1983,Sep 1972,Nov 1983,1972.0,18328,8.34
310,3575,Saikyou Densetsu Kurosawa,https://myanimelist.net/manga/3575/Saikyou_Densetsu_Kurosawa,Manga,11.0,Jan 2003 - Sep 2006,Jan 2003,Sep 2006,2003.0,30036,8.34
311,16816,Durarara!!,https://myanimelist.net/manga/16816/Durarara,Light Novel,13.0,Apr 2004 - Jan 2014,Apr 2004,Jan 2014,2004.0,28885,8.34
312,37755,Saiki Kusuo no Ψ-nan,https://myanimelist.net/manga/37755/Saiki_Kusuo_no_Ψ-nan,Manga,26.0,May 2012 - Jul 2018,May 2012,Jul 2018,2012.0,38744,8.34
313,62023,Mushishi Tokubetsu-hen: Hihamukage,https://myanimelist.net/manga/62023/Mushishi_Tokubetsu-hen__Hihamukage,Manga,1.0,Nov 2013 - Dec 2013,Nov 2013,Dec 2013,2013.0,7024,8.34
314,89087,Wotaku ni Koi wa Muzukashii,https://myanimelist.net/manga/89087/Wotaku_ni_Koi_wa_Muzukashii,Manga,11.0,Apr 2015 - Jul 2021,Apr 2015,Jul 2021,2015.0,152390,8.34
315,117020,Tsukiatte Agetemo Ii kana,https://myanimelist.net/manga/117020/Tsukiatte_Agetemo_Ii_kana,Manga,14.0,Aug 2018 - Feb 2025,Aug 2018,Feb 2025,2018.0,28450,8.34
316,138424,Watashi no Oshi wa Akuyaku Reijou.: Revolution,https://myanimelist.net/manga/138424/Watashi_no_Oshi_wa_Akuyaku_Reijou__Revolution,Light Novel,,Dec 2021 -,Dec 2021 -,,2021.0,8984,8.34
317,139629,JoJo no Kimyou na Bouken Part 9: The JoJoLands,https://myanimelist.net/manga/139629/JoJo_no_Kimyou_na_Bouken_Part_9__The_JoJoLands,Manga,,Feb 2023 -,Feb 2023 -,,2023.0,58472,8.34
318,141043,"Kinou no Haru de, Kimi wo Matsu",https://myanimelist.net/manga/141043/Kinou_no_Haru_de_Kimi_wo_Matsu,Light Novel,1.0,Apr 2020 - Apr 2020,Apr 2020,Apr 2020,2020.0,4687,8.34
319,147692,I Shall Master This Family,https://myanimelist.net/manga/147692/I_Shall_Master_This_Family,Manhwa,,Feb 2021 -,Feb 2021 -,,2021.0,24934,8.34
320,156681,"Tsuihou sareru Tabi ni Skill wo Te ni Ireta Ore ga, 100 no Isekai de 2-shuume Musou",https://myanimelist.net/manga/156681/Tsuihou_sareru_Tabi_ni_Skill_wo_Te_ni_Ireta_Ore_ga_100_no_Isekai_de_2-shuume_Musou,Manga,,Jul 2022 -,Jul 2022 -,,2022.0,21284,8.34
321,166817,Star Ginseng Store,https://myanimelist.net/manga/166817/Star_Ginseng_Store,Manhwa,,Dec 2019 -,Dec 2019 -,,2019.0,2935,8.34
322,115122,Kimi ga Shinu made Koi wo Shitai,https://myanimelist.net/manga/115122/Kimi_ga_Shinu_made_Koi_wo_Shitai,Manga,,Aug 2018 -,Aug 2018 -,,2018.0,21960,8.33
323,122663,Tower of God,https://myanimelist.net/manga/122663/Tower_of_God,Manhwa,,Jul 2010 -,Jul 2010 -,,2010.0,215466,8.33
324,148137,Leviathan,https://myanimelist.net/manga/148137/Leviathan,Manhwa,9.0,Mar 2018 - Apr 2022,Mar 2018,Apr 2022,2018.0,28300,8.33
325,320,Gakuen Alice,https://myanimelist.net/manga/320/Gakuen_Alice,Manga,31.0,Sep 2002 - Jun 2013,Sep 2002,Jun 2013,2002.0,45823,8.33
326,704,Trigun Maximum,https://myanimelist.net/manga/704/Trigun_Maximum,Manga,14.0,Sep 1997 - Mar 2007,Sep 1997,Mar 2007,1997.0,35393,8.33
327,4625,Kamigami no Itadaki,https://myanimelist.net/manga/4625/Kamigami_no_Itadaki,Manga,5.0,Feb 2000 - Mar 2003,Feb 2000,Mar 2003,2000.0,20610,8.33
328,9548,Higurashi no Naku Koro ni Kai: Minagoroshi-hen,https://myanimelist.net/manga/9548/Higurashi_no_Naku_Koro_ni_Kai__Minagoroshi-hen,Manga,6.0,Jun 2008 - Jun 2010,Jun 2008,Jun 2010,2008.0,13138,8.33
329,40761,Ookami Kodomo no Ame to Yuki,https://myanimelist.net/manga/40761/Ookami_Kodomo_no_Ame_to_Yuki,Manga,3.0,Apr 2012 - Aug 2013,Apr 2012,Aug 2013,2012.0,27370,8.33
330,58141,Machida-kun no Sekai,https://myanimelist.net/manga/58141/Machida-kun_no_Sekai,Manga,7.0,Mar 2015 - Apr 2018,Mar 2015,Apr 2018,2015.0,34904,8.33
331,61189,Mahoutsukai no Yome,https://myanimelist.net/manga/61189/Mahoutsukai_no_Yome,Manga,,Nov 2013 -,Nov 2013 -,,2013.0,99452,8.33
332,31,Lovely★Complex,https://myanimelist.net/manga/31/Lovely★Complex,Manga,17.0,Aug 2001 - Aug 2007,Aug 2001,Aug 2007,2001.0,70797,8.32
333,443,Mars,https://myanimelist.net/manga/443/Mars,Manga,15.0,Jan 1996 - Nov 2000,Jan 1996,Nov 2000,1996.0,39603,8.32
334,3281,Hadashi no Gen,https://myanimelist.net/manga/3281/Hadashi_no_Gen,Manga,10.0,May 1973 - Sep 1974,May 1973,Sep 1974,1973.0,14190,8.32
335,49835,Gochuumon wa Usagi desu ka?,https://myanimelist.net/manga/49835/Gochuumon_wa_Usagi_desu_ka,Manga,,Jan 2011 -,Jan 2011 -,,2011.0,8410,8.32
336,93972,Totsukuni no Shoujo,https://myanimelist.net/manga/93972/Totsukuni_no_Shoujo,Manga,11.0,Sep 2015 - Mar 2021,Sep 2015,Mar 2021,2015.0,92582,8.32
337,135545,Ao no Hako,https://myanimelist.net/manga/135545/Ao_no_Hako,Manga,28.0,Apr 2021 - Jul 2026,Apr 2021,Jul 2026,2021.0,106840,8.32
338,146909,SSS-Class Revival Hunter,https://myanimelist.net/manga/146909/SSS-Class_Revival_Hunter,Manhwa,,Dec 2020 -,Dec 2020 -,,2020.0,67458,8.32
339,168980,"Myst, Might, Mayhem",https://myanimelist.net/manga/168980/Myst_Might_Mayhem,Manhwa,,Mar 2024 -,Mar 2024 -,,2024.0,16767,8.32
340,137939,Chi. Chikyuu no Undou ni Tsuite,https://myanimelist.net/manga/137939/Chi_Chikyuu_no_Undou_ni_Tsuite,Manga,8.0,Sep 2020 - Apr 2022,Sep 2020,Apr 2022,2020.0,17982,8.31
341,735,Black Lagoon,https://myanimelist.net/manga/735/Black_Lagoon,Manga,,Apr 2002 -,Apr 2002 -,,2002.0,63529,8.31
342,762,Tokyo Crazy Paradise,https://myanimelist.net/manga/762/Tokyo_Crazy_Paradise,Manga,19.0,Dec 1996 - Apr 2002,Dec 1996,Apr 2002,1996.0,19923,8.31
343,1262,Higurashi no Naku Koro ni Kai: Meakashi-hen,https://myanimelist.net/manga/1262/Higurashi_no_Naku_Koro_ni_Kai__Meakashi-hen,Manga,4.0,Jun 2006 - Feb 2008,Jun 2006,Feb 2008,2006.0,17941,8.31
344,10552,Hoshi no Samidare,https://myanimelist.net/manga/10552/Hoshi_no_Samidare,Manga,10.0,Jun 2005 - Aug 2010,Jun 2005,Aug 2010,2005.0,62915,8.31
345,12471,Daichouhen Doraemon,https://myanimelist.net/manga/12471/Daichouhen_Doraemon,Manga,24.0,Jan 1980 - Mar 2004,Jan 1980,Mar 2004,1980.0,4958,8.31
346,16922,Gakuen Babysitters,https://myanimelist.net/manga/16922/Gakuen_Babysitters,Manga,,Sep 2009 -,Sep 2009 -,,2009.0,27087,8.31
347,23571,Sunny,https://myanimelist.net/manga/23571/Sunny,Manga,6.0,Dec 2010 - Jul 2015,Dec 2010,Jul 2015,2010.0,26264,8.31
348,84983,Chichi to Hige-Gorilla to Watashi,https://myanimelist.net/manga/84983/Chichi_to_Hige-Gorilla_to_Watashi,Manga,7.0,Feb 2011 - Nov 2018,Feb 2011,Nov 2018,2011.0,9813,8.31
349,91209,Gekijouban Gintama: Kanketsu-hen - Yorozuya yo Eien Nare,https://myanimelist.net/manga/91209/Gekijouban_Gintama__Kanketsu-hen_-_Yorozuya_yo_Eien_Nare,Light Novel,1.0,Jul 2013 - Jul 2013,Jul 2013,Jul 2013,2013.0,1910,8.31
350,9,Tsubasa: RESERVoir CHRoNiCLE,https://myanimelist.net/manga/9/Tsubasa__RESERVoir_CHRoNiCLE,Manga,28.0,May 2003 - Oct 2009,May 2003,Oct 2009,2003.0,86153,8.3
351,18,Kodomo no Omocha,https://myanimelist.net/manga/18/Kodomo_no_Omocha,Manga,10.0,Jul 1994 - Oct 1998,Jul 1994,Oct 1998,1994.0,25165,8.3
352,29,Paradise Kiss,https://myanimelist.net/manga/29/Paradise_Kiss,Manga,5.0,Mar 1999 - Mar 2003,Mar 1999,Mar 2003,1999.0,62521,8.3
353,149,Blame!,https://myanimelist.net/manga/149/Blame,Manga,10.0,Jan 1997 - Jul 2003,Jan 1997,Jul 2003,1997.0,187258,8.3
354,736,Shin Angyo Onshi,https://myanimelist.net/manga/736/Shin_Angyo_Onshi,Manga,17.0,Mar 2001 - Aug 2007,Mar 2001,Aug 2007,2001.0,37828,8.3
355,1047,Saint Seiya: The Lost Canvas - Meiou Shinwa,https://myanimelist.net/manga/1047/Saint_Seiya__The_Lost_Canvas_-_Meiou_Shinwa,Manga,25.0,Sep 2006 - Apr 2011,Sep 2006,Apr 2011,2006.0,18554,8.3
356,1218,Akagi: Yami ni Oritatta Tensai,https://myanimelist.net/manga/1218/Akagi__Yami_ni_Oritatta_Tensai,Manga,36.0,Jun 1991 - Feb 2018,Jun 1991,Feb 2018,1991.0,16207,8.3
357,1263,Higurashi no Naku Koro ni Kai: Tsumihoroboshi-hen,https://myanimelist.net/manga/1263/Higurashi_no_Naku_Koro_ni_Kai__Tsumihoroboshi-hen,Manga,4.0,Jun 2006 - Apr 2008,Jun 2006,Apr 2008,2006.0,14806,8.3
358,1315,Boogiepop Series,https://myanimelist.net/manga/1315/Boogiepop_Series,Light Novel,,Feb 1998 -,Feb 1998 -,,1998.0,13477,8.3
359,3378,Kimi ni Todoke,https://myanimelist.net/manga/3378/Kimi_ni_Todoke,Manga,30.0,Aug 2005 - Nov 2017,Aug 2005,Nov 2017,2005.0,133687,8.3
360,7458,Death Note Another Note: Los Angeles BB Renzoku Satsujin Jiken,https://myanimelist.net/manga/7458/Death_Note_Another_Note__Los_Angeles_BB_Renzoku_Satsujin_Jiken,Novel,1.0,Aug 2006 - Aug 2006,Aug 2006,Aug 2006,2006.0,39095,8.3
361,9699,Doukyuusei,https://myanimelist.net/manga/9699/Doukyuusei,Manga,1.0,Jul 2006 - Jul 2007,Jul 2006,Jul 2007,2006.0,44942,8.3
362,14236,Love So Life,https://myanimelist.net/manga/14236/Love_So_Life,Manga,17.0,Apr 2008 - Jul 2015,Apr 2008,Jul 2015,2008.0,62495,8.3
363,112774,Ojisama to Neko,https://myanimelist.net/manga/112774/Ojisama_to_Neko,Manga,,Jun 2017 -,Jun 2017 -,,2017.0,24881,8.3
364,131008,A Stepmother's Märchen,https://myanimelist.net/manga/131008/A_Stepmothers_Märchen,Manhwa,,Jul 2019 -,Jul 2019 -,,2019.0,24201,8.3
365,162158,Murderous Lewellyn's Candlelit Dinner,https://myanimelist.net/manga/162158/Murderous_Lewellyns_Candlelit_Dinner,Manhwa,6.0,Jun 2020 - Feb 2022,Jun 2020,Feb 2022,2020.0,3986,8.3
366,118568,Bocchi the Rock!,https://myanimelist.net/manga/118568/Bocchi_the_Rock,Manga,,Dec 2017 -,Dec 2017 -,,2017.0,33498,8.29
367,124470,Re:Zero kara Hajimeru Isekai Seikatsu: Dai-4 Shou - Seiiki to Gouyoku no Majo,https://myanimelist.net/manga/124470/Re_Zero_kara_Hajimeru_Isekai_Seikatsu__Dai-4_Shou_-_Seiiki_to_Gouyoku_no_Majo,Manga,,Sep 2019 -,Sep 2019 -,,2019.0,6394,8.29
368,145496,Yuki no Yousei,https://myanimelist.net/manga/145496/Yuki_no_Yousei,Manga,1.0,Jul 2021 - Jan 2022,Jul 2021,Jan 2022,2021.0,5918,8.29
369,172605,Xiao Mogu,https://myanimelist.net/manga/172605/Xiao_Mogu,Novel,2.0,Jul 2020 - Jul 2020,Jul 2020,Jul 2020,2020.0,988,8.29
370,193929,"Got Dropped into a Ghost Story, Still Gotta Work",https://myanimelist.net/manga/193929/Got_Dropped_into_a_Ghost_Story_Still_Gotta_Work,Manhwa,,Jun 2026 -,Jun 2026 -,,2026.0,3052,8.28
371,79,Sora wa Akai Kawa no Hotori,https://myanimelist.net/manga/79/Sora_wa_Akai_Kawa_no_Hotori,Manga,28.0,Jan 1995 - Jun 2002,Jan 1995,Jun 2002,1995.0,28129,8.29
372,267,Hellsing,https://myanimelist.net/manga/267/Hellsing,Manga,10.0,Apr 1997 - Sep 2008,Apr 1997,Sep 2008,1997.0,108638,8.29
373,583,Claymore,https://myanimelist.net/manga/583/Claymore,Manga,27.0,Jun 2001 - Oct 2014,Jun 2001,Oct 2014,2001.0,229424,8.29
374,1061,Meitantei Conan,https://myanimelist.net/manga/1061/Meitantei_Conan,Manga,,Jan 1994 -,Jan 1994 -,,1994.0,65274,8.29
375,47825,Steins;Gate: Aishin Meizu no Babel,https://myanimelist.net/manga/47825/Steins_Gate__Aishin_Meizu_no_Babel,Manga,4.0,May 2012 - Jan 2014,May 2012,Jan 2014,2012.0,5355,8.29
376,24,D.Gray-man,https://myanimelist.net/manga/24/DGray-man,Manga,,May 2004 -,May 2004 -,,2004.0,173437,8.28
377,57,Hanazakari no Kimitachi e,https://myanimelist.net/manga/57/Hanazakari_no_Kimitachi_e,Manga,23.0,Aug 1996 - Aug 2004,Aug 1996,Aug 2004,1996.0,40093,8.28
378,375,Initial D,https://myanimelist.net/manga/375/Initial_D,Manga,48.0,Jun 1995 - Jul 2013,Jun 1995,Jul 2013,1995.0,35600,8.28
379,838,Angel Densetsu,https://myanimelist.net/manga/838/Angel_Densetsu,Manga,15.0,May 1992 - Feb 2000,May 1992,Feb 2000,1992.0,64781,8.28
380,915,Rookies,https://myanimelist.net/manga/915/Rookies,Manga,24.0,Feb 1998 - Aug 2003,Feb 1998,Aug 2003,1998.0,28299,8.28
381,1009,Hachimitsu to Clover,https://myanimelist.net/manga/1009/Hachimitsu_to_Clover,Manga,10.0,Apr 2000 - Jul 2006,Apr 2000,Jul 2006,2000.0,27362,8.28
382,6520,Hana to Akuma,https://myanimelist.net/manga/6520/Hana_to_Akuma,Manga,10.0,Oct 2007 - Nov 2010,Oct 2007,Nov 2010,2007.0,45960,8.28
383,35573,Orange,https://myanimelist.net/manga/35573/Orange,Manga,7.0,Mar 2012 - Apr 2022,Mar 2012,Apr 2022,2012.0,172750,8.28
384,57791,Canis Series,https://myanimelist.net/manga/57791/Canis_Series,Manga,,Jun 2012 -,Jun 2012 -,,2012.0,12910,8.28
385,98379,Bungou Stray Dogs Wan!,https://myanimelist.net/manga/98379/Bungou_Stray_Dogs_Wan,Manga,,Dec 2015 -,Dec 2015 -,,2015.0,8355,8.28
386,106809,Koko wa Ima kara Rinri desu.,https://myanimelist.net/manga/106809/Koko_wa_Ima_kara_Rinri_desu,Manga,10.0,Oct 2016 - Aug 2025,Oct 2016,Aug 2025,2016.0,33786,8.28
387,119392,Boy Meets Maria,https://myanimelist.net/manga/119392/Boy_Meets_Maria,Manga,1.0,Oct 2017 - Aug 2018,Oct 2017,Aug 2018,2017.0,33560,8.28
388,130331,"Shangri-La Frontier: Kusoge Hunter, Kamige ni Idoman to su",https://myanimelist.net/manga/130331/Shangri-La_Frontier__Kusoge_Hunter_Kamige_ni_Idoman_to_su,Manga,,Jul 2020 -,Jul 2020 -,,2020.0,34964,8.28
389,159718,Merry Marbling,https://myanimelist.net/manga/159718/Merry_Marbling,Manhwa,,Aug 2022 - May 2026,Aug 2022,May 2026,2022.0,2253,8.28
390,168586,Suming Zhi Huan,https://myanimelist.net/manga/168586/Suming_Zhi_Huan,Novel,,Apr 2024 -,Apr 2024 -,,2024.0,2826,8.28
391,116479,Shinsekai yori,https://myanimelist.net/manga/116479/Shinsekai_yori,Novel,2.0,Jan 2008 - Jan 2008,Jan 2008,Jan 2008,2008.0,3508,8.27
392,132877,Ren Zha Fanpai Zijiu Xitong,https://myanimelist.net/manga/132877/Ren_Zha_Fanpai_Zijiu_Xitong,Novel,3.0,Jul 2017 - Jul 2017,Jul 2017,Jul 2017,2017.0,5662,8.27
393,148234,How to Win My Husband Over,https://myanimelist.net/manga/148234/How_to_Win_My_Husband_Over,Manhwa,,Oct 2021 -,Oct 2021 -,,2021.0,21204,8.27
394,166865,The Extra's Academy Survival Guide,https://myanimelist.net/manga/166865/The_Extras_Academy_Survival_Guide,Manhwa,,Dec 2023 -,Dec 2023 -,,2023.0,31635,8.27
395,174045,I Love Amy,https://myanimelist.net/manga/174045/I_Love_Amy,Manhwa,4.0,Jan 2022 - Jun 2023,Jan 2022,Jun 2023,2022.0,8225,8.27
396,1075,7 Seeds,https://myanimelist.net/manga/1075/7_Seeds,Manga,35.0,Oct 2001 - May 2017,Oct 2001,May 2017,2001.0,27921,8.27
397,2459,Komatta Toki ni wa Hoshi ni Kike,https://myanimelist.net/manga/2459/Komatta_Toki_ni_wa_Hoshi_ni_Kike,Manga,26.0,Mar 1997 - May 2005,Mar 1997,May 2005,1997.0,8750,8.27
398,7776,Toaru Majutsu no Index Gaiden: Toaru Kagaku no Railgun,https://myanimelist.net/manga/7776/Toaru_Majutsu_no_Index_Gaiden__Toaru_Kagaku_no_Railgun,Manga,21.0,Feb 2007 - Mar 2026,Feb 2007,Mar 2026,2007.0,32139,8.27
399,14790,Magi,https://myanimelist.net/manga/14790/Magi,Manga,37.0,Jun 2009 - Oct 2017,Jun 2009,Oct 2017,2009.0,166324,8.27
400,43921,Sword Art Online: Progressive,https://myanimelist.net/manga/43921/Sword_Art_Online__Progressive,Light Novel,,Oct 2012 -,Oct 2012 -,,2012.0,23782,8.27
401,47022,Sakamichi no Apollon: Bonus Track,https://myanimelist.net/manga/47022/Sakamichi_no_Apollon__Bonus_Track,Manga,1.0,Mar 2012 - Jul 2012,Mar 2012,Jul 2012,2012.0,7330,8.27
402,77609,Harukaze no Étranger,https://myanimelist.net/manga/77609/Harukaze_no_Étranger,Manga,,Jul 2014 -,Jul 2014 -,,2014.0,25558,8.27
403,80091,Yahari Ore no Seishun Love Comedy wa Machigatteiru. @comic,https://myanimelist.net/manga/80091/Yahari_Ore_no_Seishun_Love_Comedy_wa_Machigatteiru_comic,Manga,22.0,Dec 2012 - Jan 2023,Dec 2012,Jan 2023,2012.0,13103,8.27
404,102330,Majo no Tabitabi,https://myanimelist.net/manga/102330/Majo_no_Tabitabi,Light Novel,,Apr 2016 -,Apr 2016 -,,2016.0,14038,8.27
405,105347,Date A Live Fragment: Date A Bullet,https://myanimelist.net/manga/105347/Date_A_Live_Fragment__Date_A_Bullet,Light Novel,8.0,Mar 2017 - Jan 2022,Mar 2017,Jan 2022,2017.0,3673,8.27
406,2924,Historie,https://myanimelist.net/manga/2924/Historie,Manga,,Jan 2003 -,Jan 2003 -,,2003.0,29780,8.26
407,5255,Dengeki Daisy,https://myanimelist.net/manga/5255/Dengeki_Daisy,Manga,16.0,May 2007 - Dec 2013,May 2007,Dec 2013,2007.0,122876,8.26
408,10884,Diamond no Ace,https://myanimelist.net/manga/10884/Diamond_no_Ace,Manga,47.0,May 2006 - Jul 2015,May 2006,Jul 2015,2006.0,27745,8.26
409,30079,Annarasumanara,https://myanimelist.net/manga/30079/Annarasumanara,Manhwa,3.0,Jul 2010 - Dec 2010,Jul 2010,Dec 2010,2010.0,74279,8.26
410,56743,Dungeon ni Deai wo Motomeru no wa Machigatteiru Darou ka,https://myanimelist.net/manga/56743/Dungeon_ni_Deai_wo_Motomeru_no_wa_Machigatteiru_Darou_ka,Light Novel,,Jan 2013 -,Jan 2013 -,,2013.0,32090,8.26
411,56755,Hai to Gensou no Grimgar,https://myanimelist.net/manga/56755/Hai_to_Gensou_no_Grimgar,Light Novel,,Jun 2013 -,Jun 2013 -,,2013.0,24950,8.26
412,91514,Kishuku Gakkou no Juliet,https://myanimelist.net/manga/91514/Kishuku_Gakkou_no_Juliet,Manga,16.0,Jul 2015 - Sep 2019,Jul 2015,Sep 2019,2015.0,70084,8.26
413,96044,Taishou Otome Otogibanashi,https://myanimelist.net/manga/96044/Taishou_Otome_Otogibanashi,Manga,5.0,Jul 2015 - Sep 2017,Jul 2015,Sep 2017,2015.0,28426,8.26
414,107548,Steins;Gate 0,https://myanimelist.net/manga/107548/Steins_Gate_0,Manga,6.0,Jul 2017 - Feb 2020,Jul 2017,Feb 2020,2017.0,7070,8.26
415,124845,Sweet Home,https://myanimelist.net/manga/124845/Sweet_Home,Manhwa,12.0,Oct 2017 - Jul 2020,Oct 2017,Jul 2020,2017.0,95663,8.26
416,134997,"Mata, Onaji Yume wo Miteita",https://myanimelist.net/manga/134997/Mata_Onaji_Yume_wo_Miteita,Novel,1.0,Feb 2016 - Feb 2016,Feb 2016,Feb 2016,2016.0,5751,8.26
417,142170,Mimoza no Kokuhaku,https://myanimelist.net/manga/142170/Mimoza_no_Kokuhaku,Light Novel,5.0,Jul 2021 - Jun 2024,Jul 2021,Jun 2024,2021.0,2824,8.26
418,163877,Virtual Strangers,https://myanimelist.net/manga/163877/Virtual_Strangers,Manhwa,,Jun 2023 -,Jun 2023 -,,2023.0,6248,8.26
419,112807,Boku no Kokoro no Yabai Yatsu,https://myanimelist.net/manga/112807/Boku_no_Kokoro_no_Yabai_Yatsu,Manga,,Mar 2018 -,Mar 2018 -,,2018.0,70172,8.25
420,127221,Ookami Kodomo no Ame to Yuki,https://myanimelist.net/manga/127221/Ookami_Kodomo_no_Ame_to_Yuki,Novel,1.0,Jun 2012 - Jun 2012,Jun 2012,Jun 2012,2012.0,3618,8.25
421,140295,Tsukuritai Onna to Tabetai Onna,https://myanimelist.net/manga/140295/Tsukuritai_Onna_to_Tabetai_Onna,Manga,,Jan 2021 -,Jan 2021 -,,2021.0,9698,8.25
422,163116,The Stellar Swordmaster,https://myanimelist.net/manga/163116/The_Stellar_Swordmaster,Manhwa,,Sep 2023 -,Sep 2023 -,,2023.0,30039,8.25
423,163455,Phantom Busters,https://myanimelist.net/manga/163455/Phantom_Busters,Manga,,Aug 2023 -,Aug 2023 -,,2023.0,16016,8.25
424,128,Petshop of Horrors,https://myanimelist.net/manga/128/Petshop_of_Horrors,Manga,10.0,1995 - 1998,1995,1998,1995.0,38595,8.25
425,158,Ghost Hunt,https://myanimelist.net/manga/158/Ghost_Hunt,Manga,12.0,Dec 1997 - Sep 2010,Dec 1997,Sep 2010,1997.0,17982,8.25
426,445,Shonan Junai Gumi!,https://myanimelist.net/manga/445/Shonan_Junai_Gumi,Manga,31.0,Sep 1990 - Sep 1996,Sep 1990,Sep 1996,1990.0,25656,8.25
427,4258,Hikari to Tomo ni...: Jiheishouji wo Kakaete,https://myanimelist.net/manga/4258/Hikari_to_Tomo_ni__Jiheishouji_wo_Kakaete,Manga,15.0,Sep 2000 - Apr 2009,Sep 2000,Apr 2009,2000.0,7101,8.25
428,17904,Kuragehime,https://myanimelist.net/manga/17904/Kuragehime,Manga,17.0,Oct 2008 - Aug 2017,Oct 2008,Aug 2017,2008.0,48607,8.25
429,24308,No.6,https://myanimelist.net/manga/24308/No6,Manga,9.0,Jan 2011 - Nov 2013,Jan 2011,Nov 2013,2011.0,52699,8.25
430,26144,Danshi Koukousei no Nichijou,https://myanimelist.net/manga/26144/Danshi_Koukousei_no_Nichijou,Manga,7.0,May 2009 - Sep 2012,May 2009,Sep 2012,2009.0,28563,8.25
431,43915,Feng Shen Ji II,https://myanimelist.net/manga/43915/Feng_Shen_Ji_II,Manhua,,2011 - 2012,2011,2012,2011.0,14742,8.25
432,44711,Feng Shen Ji III,https://myanimelist.net/manga/44711/Feng_Shen_Ji_III,Manhua,,2012 - 2014,2012,2014,2012.0,11843,8.25
433,72025,Kengan Ashura,https://myanimelist.net/manga/72025/Kengan_Ashura,Manga,27.0,Apr 2012 - Aug 2018,Apr 2012,Aug 2018,2012.0,66289,8.25
434,102343,Fumetsu no Anata e,https://myanimelist.net/manga/102343/Fumetsu_no_Anata_e,Manga,25.0,Nov 2016 - Jun 2025,Nov 2016,Jun 2025,2016.0,116823,8.25
435,103989,Kaichou wa Maid-sama!: Marriage,https://myanimelist.net/manga/103989/Kaichou_wa_Maid-sama__Marriage,Manga,1.0,Nov 2013 - Apr 2018,Nov 2013,Apr 2018,2013.0,19568,8.25
436,108495,NieR:Automata,https://myanimelist.net/manga/108495/NieR_Automata,Novel,3.0,Aug 2017 - Jul 2018,Aug 2017,Jul 2018,2017.0,13831,8.25
437,481,Planetes,https://myanimelist.net/manga/481/Planetes,Manga,4.0,Jan 1999 - Jan 2004,Jan 1999,Jan 2004,1999.0,64889,8.24
438,1014,H2,https://myanimelist.net/manga/1014/H2,Manga,34.0,1992 - 1999,1992,1999,1992.0,13438,8.24
439,1097,Saiyuuki Gaiden,https://myanimelist.net/manga/1097/Saiyuuki_Gaiden,Manga,4.0,May 1999 - May 2009,May 1999,May 2009,1999.0,12525,8.24
440,3009,JoJo no Kimyou na Bouken Part 6: Stone Ocean,https://myanimelist.net/manga/3009/JoJo_no_Kimyou_na_Bouken_Part_6__Stone_Ocean,Manga,17.0,Dec 1999 - Apr 2003,Dec 1999,Apr 2003,1999.0,220584,8.24
441,3042,Soredemo Machi wa Mawatteiru,https://myanimelist.net/manga/3042/Soredemo_Machi_wa_Mawatteiru,Manga,16.0,Mar 2005 - Oct 2016,Mar 2005,Oct 2016,2005.0,12528,8.24
442,5651,Crows,https://myanimelist.net/manga/5651/Crows,Manga,26.0,1990 - 1998,1990,1998,1990.0,30678,8.24
443,17552,Non Non Biyori,https://myanimelist.net/manga/17552/Non_Non_Biyori,Manga,16.0,Sep 2009 - Feb 2021,Sep 2009,Feb 2021,2009.0,13717,8.24
444,39883,Ansatsu Kyoushitsu,https://myanimelist.net/manga/39883/Ansatsu_Kyoushitsu,Manga,21.0,Jul 2012 - Apr 2016,Jul 2012,Apr 2016,2012.0,170800,8.24
445,110031,Summertime Render,https://myanimelist.net/manga/110031/Summertime_Render,Manga,13.0,Oct 2017 - Feb 2021,Oct 2017,Feb 2021,2017.0,63504,8.24
446,112115,Act-age,https://myanimelist.net/manga/112115/Act-age,Manga,12.0,Jan 2018 - Aug 2020,Jan 2018,Aug 2020,2018.0,56947,8.24
447,113555,King's Maker,https://myanimelist.net/manga/113555/Kings_Maker,Manhwa,3.0,Apr 2017 - Nov 2017,Apr 2017,Nov 2017,2017.0,15472,8.24
448,119022,Kage no Jitsuryokusha ni Naritakute!,https://myanimelist.net/manga/119022/Kage_no_Jitsuryokusha_ni_Naritakute,Manga,,Dec 2018 -,Dec 2018 -,,2018.0,91037,8.24
449,119184,Solo Leveling,https://myanimelist.net/manga/119184/Solo_Leveling,Novel,13.0,Nov 2016 - Oct 2017,Nov 2016,Oct 2017,2016.0,15644,8.24
450,140409,Yoake no Uta,https://myanimelist.net/manga/140409/Yoake_no_Uta,Manga,,Aug 2020 -,Aug 2020 -,,2020.0,5885,8.24
451,171320,"Shuu ni Ichido Classmate wo Kau Hanashi: Futari no Jikan, Iiwake no 5000-en",https://myanimelist.net/manga/171320/Shuu_ni_Ichido_Classmate_wo_Kau_Hanashi__Futari_no_Jikan_Iiwake_no_5000-en,Light Novel,,Feb 2023 -,Feb 2023 -,,2023.0,1651,8.24
452,146798,Semantic Error,https://myanimelist.net/manga/146798/Semantic_Error,Manhwa,,Jul 2020 - Jul 2026,Jul 2020,Jul 2026,2020.0,12014,8.23
453,173118,"Yoru ni Kakeru Kimi to, Me ni Mienai Koi wo Shita. Series",https://myanimelist.net/manga/173118/Yoru_ni_Kakeru_Kimi_to_Me_ni_Mienai_Koi_wo_Shita_Series,Light Novel,2.0,Aug 2023 - Aug 2024,Aug 2023,Aug 2024,2023.0,1023,8.23
454,348,Genshiken,https://myanimelist.net/manga/348/Genshiken,Manga,21.0,Apr 2002 - Aug 2016,Apr 2002,Aug 2016,2002.0,44981,8.23
455,1649,Liar Game,https://myanimelist.net/manga/1649/Liar_Game,Manga,19.0,Feb 2005 - Jan 2015,Feb 2005,Jan 2015,2005.0,128446,8.23
456,4453,Hitsugikatsugi no Kuro.: Kaichu Tabi no Wa,https://myanimelist.net/manga/4453/Hitsugikatsugi_no_Kuro__Kaichu_Tabi_no_Wa,Manga,7.0,Dec 2004 - May 2018,Dec 2004,May 2018,2004.0,8679,8.23
457,4571,Akagami no Shirayuki-hime,https://myanimelist.net/manga/4571/Akagami_no_Shirayuki-hime,Manga,,Aug 2006 -,Aug 2006 -,,2006.0,75742,8.23
458,17910,Yomawari Sensei,https://myanimelist.net/manga/17910/Yomawari_Sensei,Manga,9.0,Oct 2004 - Dec 2008,Oct 2004,Dec 2008,2004.0,19041,8.23
459,18074,Getter Robo Saga,https://myanimelist.net/manga/18074/Getter_Robo_Saga,Manga,9.0,-,-,,,3078,8.23
460,62547,Yugami-kun ni wa Tomodachi ga Inai,https://myanimelist.net/manga/62547/Yugami-kun_ni_wa_Tomodachi_ga_Inai,Manga,16.0,May 2012 - May 2019,May 2012,May 2019,2012.0,33861,8.23
461,92252,Koimonogatari,https://myanimelist.net/manga/92252/Koimonogatari,Manga,,May 2013 -,May 2013 -,,2013.0,16743,8.23
462,106204,Majo to Yajuu,https://myanimelist.net/manga/106204/Majo_to_Yajuu,Manga,10.0,Nov 2016 - Jan 2023,Nov 2016,Jan 2023,2016.0,25039,8.23
463,1461,Sanctuary,https://myanimelist.net/manga/1461/Sanctuary,Manga,12.0,1990 - 1995,1990,1995,1990.0,39361,8.22
464,1802,Cat Street,https://myanimelist.net/manga/1802/Cat_Street,Manga,8.0,Jul 2004 - Sep 2007,Jul 2004,Sep 2007,2004.0,36134,8.22
465,14531,GTO: Shonan 14 Days,https://myanimelist.net/manga/14531/GTO__Shonan_14_Days,Manga,9.0,Jun 2009 - Nov 2011,Jun 2009,Nov 2011,2009.0,26829,8.22
466,37523,Date A Live,https://myanimelist.net/manga/37523/Date_A_Live,Light Novel,22.0,Mar 2011 - Mar 2020,Mar 2011,Mar 2020,2011.0,20889,8.22
467,80375,Otouto no Otto,https://myanimelist.net/manga/80375/Otouto_no_Otto,Manga,4.0,Sep 2014 - May 2017,Sep 2014,May 2017,2014.0,15660,8.22
468,103701,Beastars,https://myanimelist.net/manga/103701/Beastars,Manga,22.0,Sep 2016 - Oct 2020,Sep 2016,Oct 2020,2016.0,124647,8.22
469,108566,Machikado Mazoku,https://myanimelist.net/manga/108566/Machikado_Mazoku,Manga,6.0,Jun 2014 - Feb 2024,Jun 2014,Feb 2024,2014.0,11543,8.22
470,112091,Hidamari ga Kikoeru: Limit,https://myanimelist.net/manga/112091/Hidamari_ga_Kikoeru__Limit,Manga,3.0,Oct 2016 - Dec 2019,Oct 2016,Dec 2019,2016.0,9268,8.22
471,120250,Ponkotsu Ponko,https://myanimelist.net/manga/120250/Ponkotsu_Ponko,Manga,10.0,Mar 2019 - May 2021,Mar 2019,May 2021,2019.0,14488,8.22
472,121480,Yofukashi no Uta,https://myanimelist.net/manga/121480/Yofukashi_no_Uta,Manga,20.0,Aug 2019 - Jan 2024,Aug 2019,Jan 2024,2019.0,121607,8.22
473,111211,Cheese in the Trap Season 4,https://myanimelist.net/manga/111211/Cheese_in_the_Trap_Season_4,Manhwa,7.0,Sep 2015 - Mar 2017,Sep 2015,Mar 2017,2015.0,10568,8.21
474,112318,Jigokuraku,https://myanimelist.net/manga/112318/Jigokuraku,Manga,13.0,Jan 2018 - Jan 2021,Jan 2018,Jan 2021,2018.0,195437,8.21
475,115746,Shinai naru Boku e Satsui wo Komete,https://myanimelist.net/manga/115746/Shinai_naru_Boku_e_Satsui_wo_Komete,Manga,11.0,May 2018 - Sep 2020,May 2018,Sep 2020,2018.0,59277,8.21
476,131799,Romance 101,https://myanimelist.net/manga/131799/Romance_101,Manhwa,11.0,Mar 2018 - May 2021,Mar 2018,May 2021,2018.0,10129,8.21
477,133352,Gimai Seikatsu,https://myanimelist.net/manga/133352/Gimai_Seikatsu,Light Novel,,Jan 2021 -,Jan 2021 -,,2021.0,14956,8.21
478,148245,Killer Crush,https://myanimelist.net/manga/148245/Killer_Crush,Manhwa,,Sep 2021 -,Sep 2021 -,,2021.0,4448,8.21
479,148467,Super no Ura de Yani Suu Futari,https://myanimelist.net/manga/148467/Super_no_Ura_de_Yani_Suu_Futari,Manga,,Jul 2022 -,Jul 2022 -,,2022.0,75478,8.21
480,151061,Debut or Die!,https://myanimelist.net/manga/151061/Debut_or_Die,Manhwa,,Aug 2022 -,Aug 2022 -,,2022.0,6104,8.21
481,162043,The Crown Princess Scandal,https://myanimelist.net/manga/162043/The_Crown_Princess_Scandal,Manhwa,,Oct 2021 - Dec 2023,Oct 2021,Dec 2023,2021.0,3344,8.21
482,510,Saiyuuki Reload,https://myanimelist.net/manga/510/Saiyuuki_Reload,Manga,10.0,Mar 2002 - Jun 2009,Mar 2002,Jun 2009,2002.0,9259,8.21
483,585,Hourou Musuko,https://myanimelist.net/manga/585/Hourou_Musuko,Manga,15.0,Nov 2002 - Jul 2013,Nov 2002,Jul 2013,2002.0,32352,8.21
484,731,Eden: It's an Endless World!,https://myanimelist.net/manga/731/Eden__Its_an_Endless_World,Manga,18.0,Sep 1997 - Jun 2008,Sep 1997,Jun 2008,1997.0,71530,8.21
485,1208,Silver Diamond,https://myanimelist.net/manga/1208/Silver_Diamond,Manga,27.0,Aug 2003 - May 2012,Aug 2003,May 2012,2003.0,9887,8.21
486,1320,The Ravages of Time,https://myanimelist.net/manga/1320/The_Ravages_of_Time,Manhua,,Jun 2001 -,Jun 2001 -,,2001.0,18345,8.21
487,3731,Solanin,https://myanimelist.net/manga/3731/Solanin,Manga,2.0,Jun 2005 - Apr 2006,Jun 2005,Apr 2006,2005.0,138905,8.21
488,7149,Toradora!,https://myanimelist.net/manga/7149/Toradora,Light Novel,10.0,Mar 2006 - Mar 2009,Mar 2006,Mar 2009,2006.0,29603,8.21
489,9738,Higurashi no Naku Koro ni Kai: Matsuribayashi-hen,https://myanimelist.net/manga/9738/Higurashi_no_Naku_Koro_ni_Kai__Matsuribayashi-hen,Manga,8.0,Jun 2008 - Apr 2011,Jun 2008,Apr 2011,2008.0,11485,8.21
490,11593,Yuru Yuri,https://myanimelist.net/manga/11593/Yuru_Yuri,Manga,,Jun 2008 -,Jun 2008 -,,2008.0,17111,8.21
491,15805,Tasogare Otome x Amnesia,https://myanimelist.net/manga/15805/Tasogare_Otome_x_Amnesia,Manga,10.0,Apr 2008 - Sep 2013,Apr 2008,Sep 2013,2008.0,51699,8.21
492,16593,Private Opinion: Banana Fish Another Story,https://myanimelist.net/manga/16593/Private_Opinion__Banana_Fish_Another_Story,Manga,1.0,Dec 1995 - Dec 1995,Dec 1995,Dec 1995,1995.0,5176,8.21
493,24705,Aku no Hana,https://myanimelist.net/manga/24705/Aku_no_Hana,Manga,11.0,Sep 2009 - May 2014,Sep 2009,May 2014,2009.0,188758,8.21
494,36131,Fate/kaleid liner Prisma☆Illya 3rei!!,https://myanimelist.net/manga/36131/Fate_kaleid_liner_Prisma☆Illya_3rei,Manga,,May 2012 -,May 2012 -,,2012.0,11246,8.21
495,46010,xxxHOLiC: Rei,https://myanimelist.net/manga/46010/xxxHOLiC__Rei,Manga,,Mar 2013 -,Mar 2013 -,,2013.0,15416,8.21
496,58027,Tsurezure Children,https://myanimelist.net/manga/58027/Tsurezure_Children,Manga,12.0,Aug 2014 - Jul 2018,Aug 2014,Jul 2018,2014.0,63507,8.21
497,70801,Dead Dead Demons Dededede Destruction,https://myanimelist.net/manga/70801/Dead_Dead_Demons_Dededede_Destruction,Manga,12.0,Apr 2014 - Feb 2022,Apr 2014,Feb 2022,2014.0,88347,8.21
498,80281,Girls & Panzer: Ribbon no Musha,https://myanimelist.net/manga/80281/Girls___Panzer__Ribbon_no_Musha,Manga,16.0,Sep 2014 - Mar 2021,Sep 2014,Mar 2021,2014.0,4559,8.21
499,103063,"Tadaima, Okaeri",https://myanimelist.net/manga/103063/Tadaima_Okaeri,Manga,,Nov 2015 -,Nov 2015 -,,2015.0,8340,8.21
500,373,Meteor Methuselah,https://myanimelist.net/manga/373/Meteor_Methuselah,Manga,11.0,Aug 1998 - May 2011,Aug 1998,May 2011,1998.0,21344,8.2
501,994,Ookiku Furikabutte,https://myanimelist.net/manga/994/Ookiku_Furikabutte,Manga,,Sep 2003 -,Sep 2003 -,,2003.0,10872,8.2
502,1297,Iryuu: Team Medical Dragon,https://myanimelist.net/manga/1297/Iryuu__Team_Medical_Dragon,Manga,25.0,Nov 2002 - Jan 2011,Nov 2002,Jan 2011,2002.0,14621,8.2
503,10443,Bakuon Rettou,https://myanimelist.net/manga/10443/Bakuon_Rettou,Manga,18.0,Oct 2002 - Nov 2012,Oct 2002,Nov 2012,2002.0,17594,8.2
504,26736,Taiyou no Ie,https://myanimelist.net/manga/26736/Taiyou_no_Ie,Manga,13.0,Apr 2010 - May 2015,Apr 2010,May 2015,2010.0,99538,8.2
505,45855,Mondaiji-tachi ga Isekai kara Kuru Sou desu yo?,https://myanimelist.net/manga/45855/Mondaiji-tachi_ga_Isekai_kara_Kuru_Sou_desu_yo,Light Novel,12.0,Apr 2011 - Apr 2015,Apr 2011,Apr 2015,2011.0,16140,8.2
506,55869,Rokka no Yuusha,https://myanimelist.net/manga/55869/Rokka_no_Yuusha,Light Novel,6.0,Aug 2011 - Jul 2015,Aug 2011,Jul 2015,2011.0,15696,8.2
507,58563,Innocent,https://myanimelist.net/manga/58563/Innocent,Manga,9.0,Jan 2013 - Apr 2015,Jan 2013,Apr 2015,2013.0,74096,8.2
508,103897,Dr. Stone,https://myanimelist.net/manga/103897/Dr_Stone,Manga,27.0,Mar 2017 - Dec 2023,Mar 2017,Dec 2023,2017.0,217198,8.2
509,104491,Bokura no Shokutaku,https://myanimelist.net/manga/104491/Bokura_no_Shokutaku,Manga,1.0,Nov 2015 - Jan 2017,Nov 2015,Jan 2017,2015.0,17537,8.2
510,111229,Mystery to Iu nakare,https://myanimelist.net/manga/111229/Mystery_to_Iu_nakare,Manga,,Nov 2017 -,Nov 2017 -,,2017.0,14250,8.2
511,112245,Navillera: Like a Butterfly,https://myanimelist.net/manga/112245/Navillera__Like_a_Butterfly,Manhwa,5.0,Jul 2016 - Oct 2017,Jul 2016,Oct 2017,2016.0,6014,8.2
512,147062,See You in My 19th Life,https://myanimelist.net/manga/147062/See_You_in_My_19th_Life,Manhwa,12.0,Jun 2020 - Sep 2022,Jun 2020,Sep 2022,2020.0,17223,8.2
513,149090,Trapped,https://myanimelist.net/manga/149090/Trapped,Manhwa,,Sep 2019 - May 2024,Sep 2019,May 2024,2019.0,9903,8.2
514,114787,Shin High School DxD,https://myanimelist.net/manga/114787/Shin_High_School_DxD,Light Novel,,Jul 2018 -,Jul 2018 -,,2018.0,5483,8.19
515,118646,Why Raeliana Ended Up at the Duke's Mansion,https://myanimelist.net/manga/118646/Why_Raeliana_Ended_Up_at_the_Dukes_Mansion,Manhwa,9.0,Sep 2017 - Mar 2021,Sep 2017,Mar 2021,2017.0,51234,8.19
516,132505,"Loop 7-kaime no Akuyaku Reijou wa, Moto Tekikoku de Jiyuu Kimama na Hanayome Seikatsu wo Mankitsu suru",https://myanimelist.net/manga/132505/Loop_7-kaime_no_Akuyaku_Reijou_wa_Moto_Tekikoku_de_Jiyuu_Kimama_na_Hanayome_Seikatsu_wo_Mankitsu_suru,Light Novel,,Oct 2020 -,Oct 2020 -,,2020.0,4726,8.19
517,132962,Boku ga Otto ni Deau made,https://myanimelist.net/manga/132962/Boku_ga_Otto_ni_Deau_made,Manga,1.0,Apr 2020 - Feb 2021,Apr 2020,Feb 2021,2020.0,9512,8.19
518,184868,The Hunter's Gonna Lay Low,https://myanimelist.net/manga/184868/The_Hunters_Gonna_Lay_Low,Manhwa,,Sep 2024 -,Sep 2024 -,,2024.0,3268,8.19
519,92,Bishoujo Senshi Sailor Moon,https://myanimelist.net/manga/92/Bishoujo_Senshi_Sailor_Moon,Manga,18.0,Dec 1991 - Feb 1997,Dec 1991,Feb 1997,1991.0,61405,8.19
520,770,Gunnm: Last Order,https://myanimelist.net/manga/770/Gunnm__Last_Order,Manga,19.0,Jul 2001 - Jan 2014,Jul 2001,Jan 2014,2001.0,27762,8.19
521,3008,JoJo no Kimyou na Bouken Part 5: Ougon no Kaze,https://myanimelist.net/manga/3008/JoJo_no_Kimyou_na_Bouken_Part_5__Ougon_no_Kaze,Manga,17.0,Nov 1995 - Mar 1999,Nov 1995,Mar 1999,1995.0,123374,8.19
522,21054,Touhou Ibara Kasen: Wild and Horned Hermit.,https://myanimelist.net/manga/21054/Touhou_Ibara_Kasen__Wild_and_Horned_Hermit,Manga,10.0,Jul 2010 - Jun 2019,Jul 2010,Jun 2019,2010.0,9231,8.19
523,107875,Cheese in the Trap Season 3,https://myanimelist.net/manga/107875/Cheese_in_the_Trap_Season_3,Manhwa,12.0,Jan 2013 - Aug 2015,Jan 2013,Aug 2015,2013.0,11397,8.19
524,53,Yuu☆Yuu☆Hakusho,https://myanimelist.net/manga/53/Yuu☆Yuu☆Hakusho,Manga,19.0,Nov 1990 - Jul 1994,Nov 1990,Jul 1994,1990.0,80294,8.18
525,688,Maison Ikkoku,https://myanimelist.net/manga/688/Maison_Ikkoku,Manga,15.0,Oct 1980 - Apr 1987,Oct 1980,Apr 1987,1980.0,21241,8.18
526,1695,Adolf ni Tsugu,https://myanimelist.net/manga/1695/Adolf_ni_Tsugu,Manga,4.0,Dec 1982 - May 1985,Dec 1982,May 1985,1982.0,27496,8.18
527,3715,The One,https://myanimelist.net/manga/3715/The_One,Manhua,18.0,Jan 2005 - Feb 2014,Jan 2005,Feb 2014,2005.0,23835,8.18
528,4423,Oooku,https://myanimelist.net/manga/4423/Oooku,Manga,19.0,Jun 2004 - Dec 2020,Jun 2004,Dec 2020,2004.0,13734,8.18
529,8557,Kimi to Boku.,https://myanimelist.net/manga/8557/Kimi_to_Boku,Manga,17.0,Sep 2004 - Mar 2022,Sep 2004,Mar 2022,2004.0,12388,8.18
530,8652,Zankoku na Kami ga Shihai suru,https://myanimelist.net/manga/8652/Zankoku_na_Kami_ga_Shihai_suru,Manga,17.0,May 1992 - May 2001,May 1992,May 2001,1992.0,11927,8.18
531,9546,Capeta,https://myanimelist.net/manga/9546/Capeta,Manga,32.0,Feb 2003 - Mar 2013,Feb 2003,Mar 2013,2003.0,6686,8.18
532,25409,High School DxD,https://myanimelist.net/manga/25409/High_School_DxD,Light Novel,25.0,Sep 2008 - Mar 2018,Sep 2008,Mar 2018,2008.0,36904,8.18
533,27231,Hirunaka no Ryuusei,https://myanimelist.net/manga/27231/Hirunaka_no_Ryuusei,Manga,12.0,May 2011 - Nov 2014,May 2011,Nov 2014,2011.0,97953,8.18
534,34127,Mahouka Koukou no Rettousei,https://myanimelist.net/manga/34127/Mahouka_Koukou_no_Rettousei,Light Novel,32.0,Jul 2011 - Sep 2020,Jul 2011,Sep 2020,2011.0,31763,8.18
535,44319,Mahou Shoujo Madoka★Magica: The Different Story,https://myanimelist.net/manga/44319/Mahou_Shoujo_Madoka★Magica__The_Different_Story,Manga,3.0,Jun 2012 - Nov 2012,Jun 2012,Nov 2012,2012.0,18414,8.18
536,45885,No.6 Beyond,https://myanimelist.net/manga/45885/No6_Beyond,Novel,1.0,Nov 2012 - Nov 2012,Nov 2012,Nov 2012,2012.0,5401,8.18
537,89960,Re:Zero kara Hajimeru Isekai Seikatsu: Dai-3 Shou - Truth of Zero,https://myanimelist.net/manga/89960/Re_Zero_kara_Hajimeru_Isekai_Seikatsu__Dai-3_Shou_-_Truth_of_Zero,Manga,11.0,May 2015 - Sep 2019,May 2015,Sep 2019,2015.0,14131,8.18
538,123435,Honzuki no Gekokujou: Shisho ni Naru Tame ni wa Shudan wo Erandeiraremasen - Kizokuin Gaiden,https://myanimelist.net/manga/123435/Honzuki_no_Gekokujou__Shisho_ni_Naru_Tame_ni_wa_Shudan_wo_Erandeiraremasen_-_Kizokuin_Gaiden,Light Novel,1.0,Oct 2018 - Oct 2018,Oct 2018,Oct 2018,2018.0,1636,8.18
539,138407,"Natsu e no Tunnel, Sayonara no Deguchi: Gunjou",https://myanimelist.net/manga/138407/Natsu_e_no_Tunnel_Sayonara_no_Deguchi__Gunjou,Manga,4.0,Jul 2020 - Oct 2021,Jul 2020,Oct 2021,2020.0,6896,8.18
540,144180,Gachiakuta,https://myanimelist.net/manga/144180/Gachiakuta,Manga,,Feb 2022 -,Feb 2022 -,,2022.0,108982,8.18
541,111745,Tengoku Daimakyou,https://myanimelist.net/manga/111745/Tengoku_Daimakyou,Manga,,Jan 2018 -,Jan 2018 -,,2018.0,47539,8.17
542,113138,Jujutsu Kaisen,https://myanimelist.net/manga/113138/Jujutsu_Kaisen,Manga,30.0,Mar 2018 - Sep 2024,Mar 2018,Sep 2024,2018.0,521928,8.17
543,165540,Otonari no Tenshi-sama ni Itsunomanika Dame Ningen ni Sareteita Ken: After the Rain,https://myanimelist.net/manga/165540/Otonari_no_Tenshi-sama_ni_Itsunomanika_Dame_Ningen_ni_Sareteita_Ken__After_the_Rain,Manga,,Dec 2023 -,Dec 2023 -,,2023.0,3962,8.17
544,705,Shingetsutan Tsukihime,https://myanimelist.net/manga/705/Shingetsutan_Tsukihime,Manga,10.0,Aug 2003 - Jul 2010,Aug 2003,Jul 2010,2003.0,46193,8.17
545,1110,Shiawase Kissa 3-choume,https://myanimelist.net/manga/1110/Shiawase_Kissa_3-choume,Manga,15.0,Dec 2004 - Aug 2009,Dec 2004,Aug 2009,2004.0,20494,8.17
546,8070,Sengoku Youko,https://myanimelist.net/manga/8070/Sengoku_Youko,Manga,17.0,Dec 2007 - May 2016,Dec 2007,May 2016,2007.0,21707,8.17
547,30315,Last Game,https://myanimelist.net/manga/30315/Last_Game,Manga,11.0,Aug 2011 - Jun 2016,Aug 2011,Jun 2016,2011.0,105688,8.17
548,35171,Can't See Can't Hear But Love,https://myanimelist.net/manga/35171/Cant_See_Cant_Hear_But_Love,Manhwa,6.0,Oct 2010 - Aug 2011,Oct 2010,Aug 2011,2010.0,20419,8.17
549,35733,Ano Hi Mita Hana no Namae wo Bokutachi wa Mada Shiranai.,https://myanimelist.net/manga/35733/Ano_Hi_Mita_Hana_no_Namae_wo_Bokutachi_wa_Mada_Shiranai,Manga,3.0,Apr 2012 - Apr 2013,Apr 2012,Apr 2013,2012.0,17517,8.17
550,90810,Nogi Wakaba wa Yuusha de Aru,https://myanimelist.net/manga/90810/Nogi_Wakaba_wa_Yuusha_de_Aru,Light Novel,2.0,Jul 2015 - Jan 2017,Jul 2015,Jan 2017,2015.0,5225,8.17
551,729,Emma,https://myanimelist.net/manga/729/Emma,Manga,10.0,Dec 2001 - Feb 2008,Dec 2001,Feb 2008,2001.0,32446,8.16
552,792,City Hunter,https://myanimelist.net/manga/792/City_Hunter,Manga,35.0,Feb 1985 - Nov 1991,Feb 1985,Nov 1991,1985.0,18989,8.16
553,1982,Koori no Mamono no Monogatari,https://myanimelist.net/manga/1982/Koori_no_Mamono_no_Monogatari,Manga,24.0,Aug 1995 - Jun 2003,Aug 1995,Jun 2003,1995.0,4773,8.16
554,8144,Sora no Otoshimono,https://myanimelist.net/manga/8144/Sora_no_Otoshimono,Manga,20.0,Mar 2007 - Feb 2014,Mar 2007,Feb 2014,2007.0,46970,8.16
555,11850,Keishichou Tokuhanka 007,https://myanimelist.net/manga/11850/Keishichou_Tokuhanka_007,Manga,11.0,Oct 2006 - Mar 2012,Oct 2006,Mar 2012,2006.0,11742,8.16
556,20242,Binbougami ga!,https://myanimelist.net/manga/20242/Binbougami_ga,Manga,16.0,Jun 2008 - Jul 2013,Jun 2008,Jul 2013,2008.0,21175,8.16
557,21467,Hoshi Mamoru Inu,https://myanimelist.net/manga/21467/Hoshi_Mamoru_Inu,Manga,1.0,Jul 2008 - Jan 2009,Jul 2008,Jan 2009,2008.0,22751,8.16
558,41865,Hajishirazu no Purple Haze: JoJo no Kimyou na Bouken yori,https://myanimelist.net/manga/41865/Hajishirazu_no_Purple_Haze__JoJo_no_Kimyou_na_Bouken_yori,Light Novel,1.0,Sep 2011 - Sep 2011,Sep 2011,Sep 2011,2011.0,16329,8.16
559,58007,Shingeki no Kyojin: Kuinaki Sentaku,https://myanimelist.net/manga/58007/Shingeki_no_Kyojin__Kuinaki_Sentaku,Manga,2.0,Nov 2013 - Jun 2014,Nov 2013,Jun 2014,2013.0,55648,8.16
560,67401,Fukigen na Mononokean,https://myanimelist.net/manga/67401/Fukigen_na_Mononokean,Manga,18.0,Sep 2013 - Apr 2021,Sep 2013,Apr 2021,2013.0,14793,8.16
561,77637,Helck,https://myanimelist.net/manga/77637/Helck,Manga,12.0,May 2014 - Dec 2017,May 2014,Dec 2017,2014.0,46034,8.16
562,102703,Doukyuusei: Gold Ring & Silver Ring,https://myanimelist.net/manga/102703/Doukyuusei__Gold_Ring___Silver_Ring,Manga,1.0,Nov 2016 - Nov 2016,Nov 2016,Nov 2016,2016.0,10077,8.16
563,112589,Tonikaku Kawaii,https://myanimelist.net/manga/112589/Tonikaku_Kawaii,Manga,,Feb 2018 -,Feb 2018 -,,2018.0,95240,8.16
564,112694,Fushigi Neko no Kyuu-chan,https://myanimelist.net/manga/112694/Fushigi_Neko_no_Kyuu-chan,Manga,8.0,Jan 2018 - Dec 2022,Jan 2018,Dec 2022,2018.0,9734,8.16
565,117840,Ase to Sekken,https://myanimelist.net/manga/117840/Ase_to_Sekken,Manga,11.0,Jun 2018 - Jan 2021,Jun 2018,Jan 2021,2018.0,52755,8.16
566,167099,Kesa mo Yuraretemasu,https://myanimelist.net/manga/167099/Kesa_mo_Yuraretemasu,Manga,,Feb 2024 -,Feb 2024 -,,2024.0,18565,8.16
567,120318,Witch of Mine,https://myanimelist.net/manga/120318/Witch_of_Mine,Manhwa,4.0,Aug 2015 - Feb 2018,Aug 2015,Feb 2018,2015.0,9641,8.15
568,120875,Your Letter,https://myanimelist.net/manga/120875/Your_Letter,Manhwa,1.0,Aug 2018 - Oct 2018,Aug 2018,Oct 2018,2018.0,16375,8.15
569,125052,Yamada-kun to Lv999 no Koi wo Suru,https://myanimelist.net/manga/125052/Yamada-kun_to_Lv999_no_Koi_wo_Suru,Manga,,Mar 2019 -,Mar 2019 -,,2019.0,70883,8.15
570,127332,Heesu in Class 2,https://myanimelist.net/manga/127332/Heesu_in_Class_2,Manhwa,4.0,Nov 2017 - Jun 2019,Nov 2017,Jun 2019,2017.0,8479,8.15
571,144034,Akane-banashi,https://myanimelist.net/manga/144034/Akane-banashi,Manga,,Feb 2022 -,Feb 2022 -,,2022.0,39458,8.15
572,147276,Surviving Romance,https://myanimelist.net/manga/147276/Surviving_Romance,Manhwa,7.0,Jan 2021 - Jun 2023,Jan 2021,Jun 2023,2021.0,12909,8.15
573,17,Kareshi Kanojo no Jijou,https://myanimelist.net/manga/17/Kareshi_Kanojo_no_Jijou,Manga,21.0,Dec 1995 - May 2005,Dec 1995,May 2005,1995.0,42360,8.15
574,436,Uzumaki,https://myanimelist.net/manga/436/Uzumaki,Manga,3.0,Jan 1998 - Aug 1999,Jan 1998,Aug 1999,1998.0,256116,8.15
575,661,Sayonara Zetsubou Sensei,https://myanimelist.net/manga/661/Sayonara_Zetsubou_Sensei,Manga,30.0,Apr 2005 - Jun 2012,Apr 2005,Jun 2012,2005.0,34723,8.15
576,929,Fushigi Yuugi: Genbu Kaiden,https://myanimelist.net/manga/929/Fushigi_Yuugi__Genbu_Kaiden,Manga,12.0,Mar 2003 - Feb 2013,Mar 2003,Feb 2013,2003.0,13783,8.15
577,10978,Major,https://myanimelist.net/manga/10978/Major,Manga,78.0,Jul 1994 - Jul 2010,Jul 1994,Jul 2010,1994.0,8242,8.15
578,33297,Ao Haru Ride,https://myanimelist.net/manga/33297/Ao_Haru_Ride,Light Novel,6.0,Dec 2011 - Jun 2015,Dec 2011,Jun 2015,2011.0,27045,8.15
579,43913,Feng Shen Ji,https://myanimelist.net/manga/43913/Feng_Shen_Ji,Manhua,,2010 - 2011,2010,2011,2010.0,29131,8.15
580,44523,Touhou Suzunaan: Forbidden Scrollery.,https://myanimelist.net/manga/44523/Touhou_Suzunaan__Forbidden_Scrollery,Manga,7.0,Oct 2012 - Jul 2017,Oct 2012,Jul 2017,2012.0,9296,8.15
581,63535,Amaama to Inazuma,https://myanimelist.net/manga/63535/Amaama_to_Inazuma,Manga,12.0,Feb 2013 - Dec 2018,Feb 2013,Dec 2018,2013.0,28235,8.15
582,80841,Hakumei to Mikochi,https://myanimelist.net/manga/80841/Hakumei_to_Mikochi,Manga,,Apr 2011 -,Apr 2011 -,,2011.0,10624,8.15
583,84255,Hidamari ga Kikoeru,https://myanimelist.net/manga/84255/Hidamari_ga_Kikoeru,Manga,1.0,Dec 2013 - Aug 2014,Dec 2013,Aug 2014,2013.0,36643,8.15
584,85773,Fate/stay night: Garden of Avalon,https://myanimelist.net/manga/85773/Fate_stay_night__Garden_of_Avalon,Light Novel,1.0,Mar 2015 - Mar 2015,Mar 2015,Mar 2015,2015.0,5146,8.15
585,339,Sakigake!! Cromartie Koukou,https://myanimelist.net/manga/339/Sakigake_Cromartie_Koukou,Manga,17.0,Jul 2000 - May 2006,Jul 2000,May 2006,2000.0,15731,8.14
586,635,God Child,https://myanimelist.net/manga/635/God_Child,Manga,8.0,May 2001 - Oct 2003,May 2001,Oct 2003,2001.0,21534,8.14
587,1365,Kaze to Ki no Uta,https://myanimelist.net/manga/1365/Kaze_to_Ki_no_Uta,Manga,17.0,Feb 1976 - Jun 1984,Feb 1976,Jun 1984,1976.0,11923,8.14
588,1630,JoJo no Kimyou na Bouken Part 2: Sentou Chouryuu,https://myanimelist.net/manga/1630/JoJo_no_Kimyou_na_Bouken_Part_2__Sentou_Chouryuu,Manga,7.0,Oct 1987 - Mar 1989,Oct 1987,Mar 1989,1987.0,119630,8.14
589,8300,Baby Steps,https://myanimelist.net/manga/8300/Baby_Steps,Manga,47.0,Oct 2007 - Nov 2017,Oct 2007,Nov 2017,2007.0,28253,8.14
590,10865,Touhou Shinigami: Meteor Methuselah Gaiden,https://myanimelist.net/manga/10865/Touhou_Shinigami__Meteor_Methuselah_Gaiden,Manga,1.0,Oct 2004 - Jun 2007,Oct 2004,Jun 2007,2004.0,6426,8.14
591,26769,Bokura wa Minna Kawai-sou,https://myanimelist.net/manga/26769/Bokura_wa_Minna_Kawai-sou,Manga,11.0,Apr 2010 - May 2018,Apr 2010,May 2018,2010.0,47143,8.14
592,59519,Be Blues! Ao ni Nare,https://myanimelist.net/manga/59519/Be_Blues_Ao_ni_Nare,Manga,49.0,Jan 2011 - Oct 2022,Jan 2011,Oct 2022,2011.0,8850,8.14
593,96573,Something About Us,https://myanimelist.net/manga/96573/Something_About_Us,Manhwa,5.0,Oct 2014 - Oct 2016,Oct 2014,Oct 2016,2014.0,31208,8.14
594,100128,Yakusoku no Neverland,https://myanimelist.net/manga/100128/Yakusoku_no_Neverland,Manga,20.0,Aug 2016 - Jun 2020,Aug 2016,Jun 2020,2016.0,339641,8.14
595,108696,Runway de Waratte,https://myanimelist.net/manga/108696/Runway_de_Waratte,Manga,22.0,May 2017 - Jul 2021,May 2017,Jul 2021,2017.0,19705,8.14
596,113163,Bungou Stray Dogs: Dead Apple,https://myanimelist.net/manga/113163/Bungou_Stray_Dogs__Dead_Apple,Manga,4.0,Mar 2018 - Jun 2023,Mar 2018,Jun 2023,2018.0,8883,8.14
597,114793,Rojica to Rakkasei,https://myanimelist.net/manga/114793/Rojica_to_Rakkasei,Manga,3.0,Nov 2017 - Jul 2019,Nov 2017,Jul 2019,2017.0,9067,8.14
598,134612,Mystical,https://myanimelist.net/manga/134612/Mystical,Manhwa,5.0,Feb 2020 - Mar 2022,Feb 2020,Mar 2022,2020.0,4621,8.14
599,147582,Our Secret Alliance,https://myanimelist.net/manga/147582/Our_Secret_Alliance,Manhwa,5.0,Jan 2022 - May 2023,Jan 2022,May 2023,2022.0,9104,8.14
600,154405,"Like Mother, Like Daughter",https://myanimelist.net/manga/154405/Like_Mother_Like_Daughter,Manhwa,,Aug 2021 -,Aug 2021 -,,2021.0,3429,8.14
601,157571,Muse on Fame,https://myanimelist.net/manga/157571/Muse_on_Fame,Manhwa,,Oct 2022 - Aug 2024,Oct 2022,Aug 2024,2022.0,4032,8.14
602,187875,The Dawn to Come,https://myanimelist.net/manga/187875/The_Dawn_to_Come,Manhwa,5.0,Aug 2023 - May 2025,Aug 2023,May 2025,2023.0,4537,8.14
603,113671,Winter Woods,https://myanimelist.net/manga/113671/Winter_Woods,Manhwa,7.0,Jul 2014 - Jan 2017,Jul 2014,Jan 2017,2014.0,11004,8.13
604,118625,Sasayaku You ni Koi wo Utau,https://myanimelist.net/manga/118625/Sasayaku_You_ni_Koi_wo_Utau,Manga,,Feb 2019 -,Feb 2019 -,,2019.0,44276,8.13
605,134341,Tokidoki Bosotto Russia-go de Dereru Tonari no Alya-san,https://myanimelist.net/manga/134341/Tokidoki_Bosotto_Russia-go_de_Dereru_Tonari_no_Alya-san,Light Novel,,Feb 2021 -,Feb 2021 -,,2021.0,22065,8.13
606,142799,Goukon ni Ittara Onna ga Inakatta Hanashi,https://myanimelist.net/manga/142799/Goukon_ni_Ittara_Onna_ga_Inakatta_Hanashi,Manga,,Feb 2021 -,Feb 2021 -,,2021.0,9439,8.13
607,147454,Roxana,https://myanimelist.net/manga/147454/Roxana,Manhwa,,Jan 2021 - Aug 2022,Jan 2021,Aug 2022,2021.0,18017,8.13
608,160302,Kono Koi wo Hoshi ni wa Negawanai,https://myanimelist.net/manga/160302/Kono_Koi_wo_Hoshi_ni_wa_Negawanai,Manga,5.0,Feb 2023 - Jan 2026,Feb 2023,Jan 2026,2023.0,5121,8.13
609,163025,Chameleon wa Tenohira ni Koi wo Suru.,https://myanimelist.net/manga/163025/Chameleon_wa_Tenohira_ni_Koi_wo_Suru,Manga,,Jan 2023 -,Jan 2023 -,,2023.0,2851,8.13
610,163882,Kimi to Uchuu wo Aruku Tame ni,https://myanimelist.net/manga/163882/Kimi_to_Uchuu_wo_Aruku_Tame_ni,Manga,,Jun 2023 -,Jun 2023 -,,2023.0,5629,8.13
611,172750,Absolute Regression,https://myanimelist.net/manga/172750/Absolute_Regression,Manhwa,,Jul 2024 -,Jul 2024 -,,2024.0,15427,8.13
612,1076,Vagrant Soldier Ares,https://myanimelist.net/manga/1076/Vagrant_Soldier_Ares,Manhwa,26.0,2001 - 2007,2001,2007,2001.0,17511,8.13
613,3574,Tobaku Datenroku Kaiji,https://myanimelist.net/manga/3574/Tobaku_Datenroku_Kaiji,Manga,13.0,Nov 2004 - Apr 2008,Nov 2004,Apr 2008,2004.0,15115,8.13
614,7760,Hanma Baki,https://myanimelist.net/manga/7760/Hanma_Baki,Manga,37.0,Dec 2005 - Aug 2012,Dec 2005,Aug 2012,2005.0,28548,8.13
615,10892,Full Metal Panic!,https://myanimelist.net/manga/10892/Full_Metal_Panic,Light Novel,12.0,Sep 1998 - Aug 2011,Sep 1998,Aug 2011,1998.0,10288,8.13
616,34841,Byousoku 5 Centimeter,https://myanimelist.net/manga/34841/Byousoku_5_Centimeter,Novel,1.0,Nov 2007 - Nov 2007,Nov 2007,Nov 2007,2007.0,6344,8.13
617,36933,Ore Monogatari!!,https://myanimelist.net/manga/36933/Ore_Monogatari,Manga,14.0,Dec 2011 - Jul 2016,Dec 2011,Jul 2016,2011.0,38542,8.13
618,45947,Nukozuke!,https://myanimelist.net/manga/45947/Nukozuke,Manga,,Apr 2012 -,Apr 2012 -,,2012.0,11549,8.13
619,76965,Higurashi no Naku Koro ni - Dai 1-wa: Onikakushi-hen,https://myanimelist.net/manga/76965/Higurashi_no_Naku_Koro_ni_-_Dai_1-wa__Onikakushi-hen,Light Novel,2.0,Aug 2007 - Sep 2007,Aug 2007,Sep 2007,2007.0,2663,8.13
620,77465,Higurashi no Naku Koro ni - Dai 3-wa: Tatarigoroshi-hen,https://myanimelist.net/manga/77465/Higurashi_no_Naku_Koro_ni_-_Dai_3-wa__Tatarigoroshi-hen,Light Novel,2.0,Dec 2007 - Jan 2008,Dec 2007,Jan 2008,2007.0,1921,8.13
621,20,Hikaru no Go,https://myanimelist.net/manga/20/Hikaru_no_Go,Manga,23.0,Dec 1998 - Jul 2003,Dec 1998,Jul 2003,1998.0,50626,8.12
622,27,X,https://myanimelist.net/manga/27/X,Manga,18.0,Mar 1992 - Mar 2003,Mar 1992,Mar 2003,1992.0,29595,8.12
623,463,NHK ni Youkoso!,https://myanimelist.net/manga/463/NHK_ni_Youkoso,Manga,8.0,Dec 2003 - Apr 2007,Dec 2003,Apr 2007,2003.0,65634,8.12
624,674,Majin Tantei Nougami Neuro,https://myanimelist.net/manga/674/Majin_Tantei_Nougami_Neuro,Manga,23.0,Feb 2005 - Apr 2009,Feb 2005,Apr 2009,2005.0,21984,8.12
625,1033,Let Dai,https://myanimelist.net/manga/1033/Let_Dai,Manhwa,15.0,1995 - 2005,1995,2005,1995.0,10743,8.12
626,1258,Higurashi no Naku Koro ni: Watanagashi-hen,https://myanimelist.net/manga/1258/Higurashi_no_Naku_Koro_ni__Watanagashi-hen,Manga,2.0,Apr 2005 - Mar 2006,Apr 2005,Mar 2006,2005.0,20506,8.12
627,3403,Rosario to Vampire: Season II,https://myanimelist.net/manga/3403/Rosario_to_Vampire__Season_II,Manga,14.0,Nov 2007 - Apr 2014,Nov 2007,Apr 2014,2007.0,71764,8.12
628,10010,Beelzebub,https://myanimelist.net/manga/10010/Beelzebub,Manga,28.0,Feb 2009 - Mar 2015,Feb 2009,Mar 2015,2009.0,122044,8.12
629,24294,Ao Haru Ride,https://myanimelist.net/manga/24294/Ao_Haru_Ride,Manga,13.0,Jan 2011 - Feb 2015,Jan 2011,Feb 2015,2011.0,208181,8.12
630,24464,Kyoukaisenjou no Horizon,https://myanimelist.net/manga/24464/Kyoukaisenjou_no_Horizon,Light Novel,29.0,Sep 2008 - Dec 2018,Sep 2008,Dec 2018,2008.0,7002,8.12
631,26201,Hikaru ga Chikyuu ni Ita Koro......,https://myanimelist.net/manga/26201/Hikaru_ga_Chikyuu_ni_Ita_Koro,Light Novel,10.0,May 2011 - Apr 2014,May 2011,Apr 2014,2011.0,5948,8.12
632,48025,Magi: Sinbad no Bouken,https://myanimelist.net/manga/48025/Magi__Sinbad_no_Bouken,Manga,19.0,May 2013 - Apr 2018,May 2013,Apr 2018,2013.0,39096,8.12
633,62671,Gekijouban Mahou Shoujo Madoka★Magica: Shinpen - Hangyaku no Monogatari,https://myanimelist.net/manga/62671/Gekijouban_Mahou_Shoujo_Madoka★Magica__Shinpen_-_Hangyaku_no_Monogatari,Manga,3.0,Nov 2013 - Jan 2014,Nov 2013,Jan 2014,2013.0,9217,8.12
634,99969,Sabishisugite Lesbian Fuuzoku ni Ikimashita Report,https://myanimelist.net/manga/99969/Sabishisugite_Lesbian_Fuuzoku_ni_Ikimashita_Report,Manga,1.0,Jun 2016 - Jun 2016,Jun 2016,Jun 2016,2016.0,60268,8.12
635,121303,30-sai made Doutei dato Mahoutsukai ni Nareru Rashii,https://myanimelist.net/manga/121303/30-sai_made_Doutei_dato_Mahoutsukai_ni_Nareru_Rashii,Manga,,Sep 2018 -,Sep 2018 -,,2018.0,11976,8.12
636,150413,Villains Are Destined to Die,https://myanimelist.net/manga/150413/Villains_Are_Destined_to_Die,Novel,4.0,Sep 2020 - Sep 2020,Sep 2020,Sep 2020,2020.0,1535,8.12
637,153158,Telework Yotabanashi,https://myanimelist.net/manga/153158/Telework_Yotabanashi,Manga,1.0,Aug 2020 - Apr 2023,Aug 2020,Apr 2023,2020.0,24903,8.12
638,130832,Your Throne,https://myanimelist.net/manga/130832/Your_Throne,Manhwa,,Jan 2020 -,Jan 2020 -,,2020.0,30190,8.11
639,135264,Fool Night,https://myanimelist.net/manga/135264/Fool_Night,Manga,,Nov 2020 -,Nov 2020 -,,2020.0,20291,8.11
640,140831,Tamon-kun Ima Docchi!?,https://myanimelist.net/manga/140831/Tamon-kun_Ima_Docchi,Manga,,Aug 2021 -,Aug 2021 -,,2021.0,13079,8.11
641,338,Chrno Crusade,https://myanimelist.net/manga/338/Chrno_Crusade,Manga,8.0,Dec 1998 - May 2004,Dec 1998,May 2004,1998.0,31245,8.11
642,908,Soul Eater,https://myanimelist.net/manga/908/Soul_Eater,Manga,25.0,Jun 2003 - Aug 2013,Jun 2003,Aug 2013,2003.0,216138,8.11
643,1101,Akumetsu,https://myanimelist.net/manga/1101/Akumetsu,Manga,18.0,Oct 2002 - Apr 2006,Oct 2002,Apr 2006,2002.0,73563,8.11
644,7010,NG Life,https://myanimelist.net/manga/7010/NG_Life,Manga,9.0,Feb 2006 - Mar 2009,Feb 2006,Mar 2009,2006.0,12936,8.11
645,7749,Oresama Teacher,https://myanimelist.net/manga/7749/Oresama_Teacher,Manga,29.0,Jul 2007 - Feb 2020,Jul 2007,Feb 2020,2007.0,40687,8.11
646,10447,Getter Robo Go,https://myanimelist.net/manga/10447/Getter_Robo_Go,Manga,7.0,Feb 1991 - Jan 1992,Feb 1991,Jan 1992,1991.0,4950,8.11
647,19709,Gabai: Saga no Gabai Baachan,https://myanimelist.net/manga/19709/Gabai__Saga_no_Gabai_Baachan,Manga,11.0,2005 - Apr 2010,2005,Apr 2010,2005.0,3044,8.11
648,20554,Kocchi Muite! Miiko,https://myanimelist.net/manga/20554/Kocchi_Muite_Miiko,Manga,,1995 -,1995 -,,1995.0,1667,8.11
649,61097,Baraou no Souretsu,https://myanimelist.net/manga/61097/Baraou_no_Souretsu,Manga,17.0,Oct 2013 - Jan 2022,Oct 2013,Jan 2022,2013.0,22736,8.11
650,107417,Cheese in the Trap Season 2,https://myanimelist.net/manga/107417/Cheese_in_the_Trap_Season_2,Manhwa,9.0,Jun 2011 - Oct 2012,Jun 2011,Oct 2012,2011.0,12139,8.11
651,107948,Hitori Koukan Nikki,https://myanimelist.net/manga/107948/Hitori_Koukan_Nikki,Manga,2.0,May 2016 - Nov 2017,May 2016,Nov 2017,2016.0,21222,8.11
652,47,Katekyou Hitman Reborn!,https://myanimelist.net/manga/47/Katekyou_Hitman_Reborn,Manga,42.0,May 2004 - Nov 2012,May 2004,Nov 2012,2004.0,131127,8.1
653,872,JoJo no Kimyou na Bouken Part 3: Stardust Crusaders,https://myanimelist.net/manga/872/JoJo_no_Kimyou_na_Bouken_Part_3__Stardust_Crusaders,Manga,16.0,Mar 1989 - Apr 1992,Mar 1989,Apr 1992,1989.0,109471,8.1
654,928,Pocket Monsters Special,https://myanimelist.net/manga/928/Pocket_Monsters_Special,Manga,,Apr 1997 -,Apr 1997 -,,1997.0,56169,8.1
655,1149,Hokuto no Ken,https://myanimelist.net/manga/1149/Hokuto_no_Ken,Manga,27.0,Sep 1983 - Jul 1988,Sep 1983,Jul 1988,1983.0,52449,8.1
656,1257,Higurashi no Naku Koro ni: Onikakushi-hen,https://myanimelist.net/manga/1257/Higurashi_no_Naku_Koro_ni__Onikakushi-hen,Manga,2.0,Mar 2005 - Mar 2006,Mar 2005,Mar 2006,2005.0,29603,8.1
657,9296,Seven Days,https://myanimelist.net/manga/9296/Seven_Days,Manga,2.0,Sep 2007 - Jun 2009,Sep 2007,Jun 2009,2007.0,59001,8.1
658,11243,Kono Sekai no Katasumi ni,https://myanimelist.net/manga/11243/Kono_Sekai_no_Katasumi_ni,Manga,3.0,Jan 2007 - Jan 2009,Jan 2007,Jan 2009,2007.0,10565,8.1
659,11652,Kuroko no Basket,https://myanimelist.net/manga/11652/Kuroko_no_Basket,Manga,30.0,Dec 2008 - Sep 2014,Dec 2008,Sep 2014,2008.0,81001,8.1
660,15104,Kingdom Hearts: 358/2 Days,https://myanimelist.net/manga/15104/Kingdom_Hearts__358_2_Days,Manga,5.0,Aug 2009 - Sep 2012,Aug 2009,Sep 2012,2009.0,12764,8.1
661,24380,Kokoro Connect,https://myanimelist.net/manga/24380/Kokoro_Connect,Light Novel,11.0,Jan 2010 - Sep 2013,Jan 2010,Sep 2013,2010.0,12905,8.1
662,24457,Mahou Shoujo Madoka★Magica,https://myanimelist.net/manga/24457/Mahou_Shoujo_Madoka★Magica,Manga,3.0,Feb 2011 - May 2011,Feb 2011,May 2011,2011.0,44721,8.1
663,41435,K: Memory of Red,https://myanimelist.net/manga/41435/K__Memory_of_Red,Manga,3.0,May 2012 - Jul 2013,May 2012,Jul 2013,2012.0,11738,8.1
664,44501,High Score Girl,https://myanimelist.net/manga/44501/High_Score_Girl,Manga,10.0,Oct 2010 - Sep 2018,Oct 2010,Sep 2018,2010.0,20926,8.1
665,112090,Hidamari ga Kikoeru: Koufukuron,https://myanimelist.net/manga/112090/Hidamari_ga_Kikoeru__Koufukuron,Manga,1.0,Apr 2015 - Feb 2016,Apr 2015,Feb 2016,2015.0,9120,8.1
666,133081,Wind Breaker,https://myanimelist.net/manga/133081/Wind_Breaker,Manga,,Jan 2021 -,Jan 2021 -,,2021.0,34995,8.1
667,142819,Class de 2-banme ni Kawaii Onnanoko to Tomodachi ni Natta,https://myanimelist.net/manga/142819/Class_de_2-banme_ni_Kawaii_Onnanoko_to_Tomodachi_ni_Natta,Light Novel,,Dec 2021 -,Dec 2021 -,,2021.0,4732,8.1
668,159130,Nick to Lever,https://myanimelist.net/manga/159130/Nick_to_Lever,Manga,3.0,Oct 2020 - Sep 2023,Oct 2020,Sep 2023,2020.0,4558,8.1
669,160131,Pink Heart Jam: Beat,https://myanimelist.net/manga/160131/Pink_Heart_Jam__Beat,Manga,,Jun 2023 -,Jun 2023 -,,2023.0,3062,8.1
670,165489,Ignat no Hanayome,https://myanimelist.net/manga/165489/Ignat_no_Hanayome,Manga,,Jun 2023 -,Jun 2023 -,,2023.0,3337,8.1
671,174559,The Regressed Mercenary Has a Plan,https://myanimelist.net/manga/174559/The_Regressed_Mercenary_Has_a_Plan,Manhwa,,Sep 2024 -,Sep 2024 -,,2024.0,20803,8.1
672,184866,Your Eternal Lies,https://myanimelist.net/manga/184866/Your_Eternal_Lies,Manhwa,,Dec 2021 - Sep 2023,Dec 2021,Sep 2023,2021.0,3402,8.1
673,112922,Gokushufudou,https://myanimelist.net/manga/112922/Gokushufudou,Manga,,Feb 2018 -,Feb 2018 -,,2018.0,137284,8.09
674,124094,Jibaku Shounen Hanako-kun 0,https://myanimelist.net/manga/124094/Jibaku_Shounen_Hanako-kun_0,Manga,1.0,Jun 2014 - Aug 2014,Jun 2014,Aug 2014,2014.0,14789,8.09
675,130934,Otonari no Tenshi-sama ni Itsunomanika Dame Ningen ni Sareteita Ken,https://myanimelist.net/manga/130934/Otonari_no_Tenshi-sama_ni_Itsunomanika_Dame_Ningen_ni_Sareteita_Ken,Manga,,Jan 2022 -,Jan 2022 -,,2022.0,23217,8.09
676,149266,Secret Lady,https://myanimelist.net/manga/149266/Secret_Lady,Manhwa,,May 2021 -,May 2021 -,,2021.0,10201,8.09
677,173072,Seasons of Lovesome,https://myanimelist.net/manga/173072/Seasons_of_Lovesome,Manhwa,,Aug 2024 -,Aug 2024 -,,2024.0,3612,8.09
678,173328,Honzuki no Gekokujou: Hannelore no Kizokuin Gonensei,https://myanimelist.net/manga/173328/Honzuki_no_Gekokujou__Hannelore_no_Kizokuin_Gonensei,Light Novel,,Aug 2024 -,Aug 2024 -,,2024.0,665,8.09
679,180263,Ctrl+Alt+Resign,https://myanimelist.net/manga/180263/Ctrl_Alt_Resign,Manhwa,,Mar 2025 -,Mar 2025 -,,2025.0,7877,8.09
680,11,Naruto,https://myanimelist.net/manga/11/Naruto,Manga,72.0,Sep 1999 - Nov 2014,Sep 1999,Nov 2014,1999.0,448005,8.09
681,393,Kindaichi Shounen no Jikenbo: File Series,https://myanimelist.net/manga/393/Kindaichi_Shounen_no_Jikenbo__File_Series,Manga,27.0,Oct 1992 - Oct 1997,Oct 1992,Oct 1997,1992.0,8201,8.09
682,591,Koukou Debut,https://myanimelist.net/manga/591/Koukou_Debut,Manga,15.0,Aug 2003 - May 2013,Aug 2003,May 2013,2003.0,69616,8.09
683,649,Gunslinger Girl,https://myanimelist.net/manga/649/Gunslinger_Girl,Manga,15.0,May 2002 - Sep 2012,May 2002,Sep 2012,2002.0,29343,8.09
684,988,Shijou Saikyou no Deshi Kenichi,https://myanimelist.net/manga/988/Shijou_Saikyou_no_Deshi_Kenichi,Manga,61.0,Aug 2002 - Sep 2014,Aug 2002,Sep 2014,2002.0,74122,8.09
685,1605,Shoukoku no Altair,https://myanimelist.net/manga/1605/Shoukoku_no_Altair,Manga,27.0,Jul 2007 - Nov 2023,Jul 2007,Nov 2023,2007.0,16727,8.09
686,3097,Futatsu no Spica,https://myanimelist.net/manga/3097/Futatsu_no_Spica,Manga,16.0,Sep 2001 - Aug 2009,Sep 2001,Aug 2009,2001.0,7537,8.09
687,3868,Shigurui,https://myanimelist.net/manga/3868/Shigurui,Manga,15.0,Jun 2003 - Jul 2010,Jun 2003,Jul 2010,2003.0,34599,8.09
688,13702,Tonari no Kaibutsu-kun,https://myanimelist.net/manga/13702/Tonari_no_Kaibutsu-kun,Manga,13.0,Aug 2008 - Nov 2013,Aug 2008,Nov 2013,2008.0,117526,8.09
689,19980,Koi dano Ai dano,https://myanimelist.net/manga/19980/Koi_dano_Ai_dano,Manga,11.0,Oct 2009 - Apr 2016,Oct 2009,Apr 2016,2009.0,13057,8.09
690,26178,Donten ni Warau,https://myanimelist.net/manga/26178/Donten_ni_Warau,Manga,6.0,Oct 2010 - May 2013,Oct 2010,May 2013,2010.0,24905,8.09
691,29983,Noblesse,https://myanimelist.net/manga/29983/Noblesse,Manhwa,,Dec 2007 - Jan 2019,Dec 2007,Jan 2019,2007.0,115947,8.09
692,49567,Saenai Heroine no Sodatekata,https://myanimelist.net/manga/49567/Saenai_Heroine_no_Sodatekata,Light Novel,13.0,Jul 2012 - Oct 2017,Jul 2012,Oct 2017,2012.0,11138,8.09
693,78537,Karakai Jouzu no Takagi-san,https://myanimelist.net/manga/78537/Karakai_Jouzu_no_Takagi-san,Manga,20.0,Jun 2013 - Oct 2023,Jun 2013,Oct 2023,2013.0,85816,8.09
694,89768,Kono Subarashii Sekai ni Shukufuku wo! Spin-off: Kono Subarashii Sekai ni Bakuen wo!,https://myanimelist.net/manga/89768/Kono_Subarashii_Sekai_ni_Shukufuku_wo_Spin-off__Kono_Subarashii_Sekai_ni_Bakuen_wo,Light Novel,5.0,Jul 2014 - Mar 2019,Jul 2014,Mar 2019,2014.0,8853,8.09
695,96792,Kimetsu no Yaiba,https://myanimelist.net/manga/96792/Kimetsu_no_Yaiba,Manga,23.0,Feb 2016 - May 2020,Feb 2016,May 2020,2016.0,505880,8.09
696,108187,Karakai Jouzu no (Moto) Takagi-san,https://myanimelist.net/manga/108187/Karakai_Jouzu_no_Moto_Takagi-san,Manga,23.0,Jul 2017 - Jul 2024,Jul 2017,Jul 2024,2017.0,50339,8.09
697,564,Gantz,https://myanimelist.net/manga/564/Gantz,Manga,37.0,Jul 2000 - Jun 2013,Jul 2000,Jun 2013,2000.0,263201,8.08
698,633,Beauty Pop,https://myanimelist.net/manga/633/Beauty_Pop,Manga,10.0,Sep 2003 - Feb 2008,Sep 2003,Feb 2008,2003.0,29891,8.08
699,655,Boku no Chikyuu wo Mamotte,https://myanimelist.net/manga/655/Boku_no_Chikyuu_wo_Mamotte,Manga,21.0,1987 - 1994,1987,1994,1987.0,14564,8.08
700,868,Karakuri Circus,https://myanimelist.net/manga/868/Karakuri_Circus,Manga,43.0,Jul 1997 - May 2006,Jul 1997,May 2006,1997.0,11072,8.08
701,1092,Gokusen,https://myanimelist.net/manga/1092/Gokusen,Manga,15.0,Dec 1999 - Feb 2007,Dec 1999,Feb 2007,1999.0,20734,8.08
702,1216,Gokinjo Monogatari,https://myanimelist.net/manga/1216/Gokinjo_Monogatari,Manga,7.0,Feb 1995 - Oct 1997,Feb 1995,Oct 1997,1995.0,16693,8.08
703,1741,Worst,https://myanimelist.net/manga/1741/Worst,Manga,33.0,Sep 2001 - Jul 2013,Sep 2001,Jul 2013,2001.0,16529,8.08
704,4945,Ginga Nagareboshi Gin,https://myanimelist.net/manga/4945/Ginga_Nagareboshi_Gin,Manga,18.0,Nov 1983 - Feb 1987,Nov 1983,Feb 1987,1983.0,5158,8.08
705,27029,Ouran Koukou Host Club University Special,https://myanimelist.net/manga/27029/Ouran_Koukou_Host_Club_University_Special,Manga,,Jul 2011 - Aug 2011,Jul 2011,Aug 2011,2011.0,8070,8.08
706,41629,Hyouka,https://myanimelist.net/manga/41629/Hyouka,Manga,,Jan 2012 -,Jan 2012 -,,2012.0,22092,8.08
707,80719,Re:Zero kara Hajimeru Isekai Seikatsu: Dai-2 Shou - Yashiki no Isshuukan-hen,https://myanimelist.net/manga/80719/Re_Zero_kara_Hajimeru_Isekai_Seikatsu__Dai-2_Shou_-_Yashiki_no_Isshuukan-hen,Manga,5.0,Oct 2014 - Oct 2017,Oct 2014,Oct 2017,2014.0,16584,8.08
708,89467,Hitoribocchi no ○○ Seikatsu,https://myanimelist.net/manga/89467/Hitoribocchi_no_○○_Seikatsu,Manga,8.0,Sep 2013 - Apr 2021,Sep 2013,Apr 2021,2013.0,26503,8.08
709,117332,Suki na Ko ga Megane wo Wasureta,https://myanimelist.net/manga/117332/Suki_na_Ko_ga_Megane_wo_Wasureta,Manga,12.0,Nov 2018 - Apr 2024,Nov 2018,Apr 2024,2018.0,51475,8.08
710,119931,One Room Angel,https://myanimelist.net/manga/119931/One_Room_Angel,Manga,1.0,Oct 2017 - Dec 2018,Oct 2017,Dec 2018,2017.0,9163,8.08
711,133757,Unnamed Memory,https://myanimelist.net/manga/133757/Unnamed_Memory,Light Novel,6.0,Jan 2019 - Apr 2021,Jan 2019,Apr 2021,2019.0,4772,8.08
712,146207,Usuzumi no Hate,https://myanimelist.net/manga/146207/Usuzumi_no_Hate,Manga,,Mar 2022 -,Mar 2022 -,,2022.0,21392,8.08
713,158296,Surviving the Game as a Barbarian,https://myanimelist.net/manga/158296/Surviving_the_Game_as_a_Barbarian,Manhwa,,Apr 2023 -,Apr 2023 -,,2023.0,21538,8.08
714,163232,Tower Dungeon,https://myanimelist.net/manga/163232/Tower_Dungeon,Manga,,Oct 2023 -,Oct 2023 -,,2023.0,28438,8.08
715,139104,"Hikaeme ni Ittemo, Kore wa Ai",https://myanimelist.net/manga/139104/Hikaeme_ni_Ittemo_Kore_wa_Ai,Manga,,Jul 2021 -,Jul 2021 -,,2021.0,17099,8.07
716,162479,Kagurabachi,https://myanimelist.net/manga/162479/Kagurabachi,Manga,,Sep 2023 -,Sep 2023 -,,2023.0,112026,8.07
717,1659,Five Star Stories,https://myanimelist.net/manga/1659/Five_Star_Stories,Manga,,Apr 1986 -,Apr 1986 -,,1986.0,7530,8.07
718,3102,Girl Friends,https://myanimelist.net/manga/3102/Girl_Friends,Manga,5.0,Oct 2006 - Aug 2010,Oct 2006,Aug 2010,2006.0,51991,8.07
719,17517,Steins;Gate,https://myanimelist.net/manga/17517/Steins_Gate,Manga,3.0,Sep 2009 - Jul 2013,Sep 2009,Jul 2013,2009.0,30096,8.07
720,24903,Gangsta.,https://myanimelist.net/manga/24903/Gangsta,Manga,,Jan 2011 -,Jan 2011 -,,2011.0,75991,8.07
721,27967,Pandora Hearts: Caucus Race,https://myanimelist.net/manga/27967/Pandora_Hearts__Caucus_Race,Light Novel,3.0,Mar 2011 - May 2013,Mar 2011,May 2013,2011.0,5611,8.07
722,38105,Kase-san Series,https://myanimelist.net/manga/38105/Kase-san_Series,Manga,5.0,Aug 2010 - Dec 2017,Aug 2010,Dec 2017,2010.0,38650,8.07
723,42867,Kagerou Daze,https://myanimelist.net/manga/42867/Kagerou_Daze,Light Novel,8.0,May 2012 - Dec 2017,May 2012,Dec 2017,2012.0,14037,8.07
724,70259,Mushoku Tensei: Isekai Ittara Honki Dasu,https://myanimelist.net/manga/70259/Mushoku_Tensei__Isekai_Ittara_Honki_Dasu,Manga,,May 2014 -,May 2014 -,,2014.0,123728,8.07
725,80385,Kono Subarashii Sekai ni Shukufuku wo!,https://myanimelist.net/manga/80385/Kono_Subarashii_Sekai_ni_Shukufuku_wo,Manga,,Sep 2014 -,Sep 2014 -,,2014.0,29022,8.07
726,88110,Fate/stay night: Heaven's Feel,https://myanimelist.net/manga/88110/Fate_stay_night__Heavens_Feel,Manga,,May 2015 -,May 2015 -,,2015.0,9726,8.07
727,95211,Orange,https://myanimelist.net/manga/95211/Orange,Light Novel,3.0,Jul 2015 - Mar 2016,Jul 2015,Mar 2016,2015.0,10525,8.07
728,98374,Cardcaptor Sakura: Clear Card-hen,https://myanimelist.net/manga/98374/Cardcaptor_Sakura__Clear_Card-hen,Manga,16.0,Jun 2016 - Mar 2024,Jun 2016,Mar 2024,2016.0,19306,8.07
729,442,Tekkon Kinkreet,https://myanimelist.net/manga/442/Tekkon_Kinkreet,Manga,3.0,1993 - 1994,1993,1994,1993.0,18550,8.06
730,1260,Higurashi no Naku Koro ni: Tatarigoroshi-hen,https://myanimelist.net/manga/1260/Higurashi_no_Naku_Koro_ni__Tatarigoroshi-hen,Manga,2.0,May 2005 - May 2006,May 2005,May 2006,2005.0,16566,8.06
731,1313,Gosick,https://myanimelist.net/manga/1313/Gosick,Light Novel,9.0,Dec 2003 - Jul 2011,Dec 2003,Jul 2011,2003.0,8468,8.06
732,8742,Ashita no Ousama,https://myanimelist.net/manga/8742/Ashita_no_Ousama,Manga,10.0,1996 - 2001,1996,2001,1996.0,4904,8.06
733,9114,D.Gray-man: Reverse,https://myanimelist.net/manga/9114/DGray-man__Reverse,Light Novel,3.0,May 2005 - Dec 2010,May 2005,Dec 2010,2005.0,6968,8.06
734,12917,Shaman King Kanzenban,https://myanimelist.net/manga/12917/Shaman_King_Kanzenban,Manga,,Mar 2008 - Apr 2009,Mar 2008,Apr 2009,2008.0,17304,8.06
735,25245,Zoku Hoshi Mamoru Inu,https://myanimelist.net/manga/25245/Zoku_Hoshi_Mamoru_Inu,Manga,1.0,Jul 2009 - Nov 2009,Jul 2009,Nov 2009,2009.0,7870,8.06
736,42569,Medaka Box Gaiden: Good Loser Kumagawa,https://myanimelist.net/manga/42569/Medaka_Box_Gaiden__Good_Loser_Kumagawa,Light Novel,2.0,Oct 2012 - Nov 2012,Oct 2012,Nov 2012,2012.0,4594,8.06
737,42579,Kubera,https://myanimelist.net/manga/42579/Kubera,Manhwa,,Feb 2010 -,Feb 2010 -,,2010.0,16476,8.06
738,45447,Yahari Ore no Seishun Love Comedy wa Machigatteiru.: Monologue,https://myanimelist.net/manga/45447/Yahari_Ore_no_Seishun_Love_Comedy_wa_Machigatteiru__Monologue,Manga,22.0,Sep 2012 - Apr 2023,Sep 2012,Apr 2023,2012.0,12167,8.06
739,46024,Log Horizon,https://myanimelist.net/manga/46024/Log_Horizon,Light Novel,,Apr 2010 -,Apr 2010 -,,2010.0,15665,8.06
740,77463,Higurashi no Naku Koro ni - Dai 2-wa: Watanagashi-hen,https://myanimelist.net/manga/77463/Higurashi_no_Naku_Koro_ni_-_Dai_2-wa__Watanagashi-hen,Light Novel,2.0,Oct 2007 - Nov 2007,Oct 2007,Nov 2007,2007.0,2083,8.06
741,95964,Kekkai Sensen: Back 2 Back,https://myanimelist.net/manga/95964/Kekkai_Sensen__Back_2_Back,Manga,10.0,Jul 2015 - Apr 2022,Jul 2015,Apr 2022,2015.0,5946,8.06
742,99821,Shinsetsu Ookami to Koushinryou: Ookami to Youhishi,https://myanimelist.net/manga/99821/Shinsetsu_Ookami_to_Koushinryou__Ookami_to_Youhishi,Light Novel,,Sep 2016 -,Sep 2016 -,,2016.0,6603,8.06
743,104271,Chi no Wadachi,https://myanimelist.net/manga/104271/Chi_no_Wadachi,Manga,17.0,Feb 2017 - Sep 2023,Feb 2017,Sep 2023,2017.0,139455,8.06
744,110929,Kusuriya no Hitorigoto: Maomao no Koukyuu Nazotoki Techou,https://myanimelist.net/manga/110929/Kusuriya_no_Hitorigoto__Maomao_no_Koukyuu_Nazotoki_Techou,Manga,,Aug 2017 -,Aug 2017 -,,2017.0,4603,8.06
745,121209,Houkago Shounen Hanako-kun,https://myanimelist.net/manga/121209/Houkago_Shounen_Hanako-kun,Manga,,Feb 2018 -,Feb 2018 -,,2018.0,9635,8.06
746,126146,[Oshi no Ko],https://myanimelist.net/manga/126146/Oshi_no_Ko,Manga,16.0,Apr 2020 - Nov 2024,Apr 2020,Nov 2024,2020.0,222129,8.06
747,130661,Josee to Tora to Sakana-tachi,https://myanimelist.net/manga/130661/Josee_to_Tora_to_Sakana-tachi,Manga,2.0,Jan 2020 - Oct 2020,Jan 2020,Oct 2020,2020.0,9649,8.06
748,131334,Sakamoto Days,https://myanimelist.net/manga/131334/Sakamoto_Days,Manga,,Nov 2020 -,Nov 2020 -,,2020.0,159809,8.06
749,147863,Nano Machine,https://myanimelist.net/manga/147863/Nano_Machine,Manhwa,,Jun 2020 -,Jun 2020 -,,2020.0,45359,8.06
750,149804,Class de 2-banme ni Kawaii Onnanoko to Tomodachi ni Natta,https://myanimelist.net/manga/149804/Class_de_2-banme_ni_Kawaii_Onnanoko_to_Tomodachi_ni_Natta,Manga,,Jul 2022 -,Jul 2022 -,,2022.0,24890,8.06
751,153322,The Broken Ring: This Marriage Will Fail Anyway,https://myanimelist.net/manga/153322/The_Broken_Ring__This_Marriage_Will_Fail_Anyway,Manhwa,,Nov 2022 -,Nov 2022 -,,2022.0,12285,8.06
752,154454,Mother's Contract Marriage,https://myanimelist.net/manga/154454/Mothers_Contract_Marriage,Manhwa,,Dec 2022 -,Dec 2022 -,,2022.0,8329,8.06
753,143031,Aishiteru Game wo Owarasetai,https://myanimelist.net/manga/143031/Aishiteru_Game_wo_Owarasetai,Manga,,Dec 2021 -,Dec 2021 -,,2021.0,37318,8.05
754,145854,"Shinimodori no Mahou Gakkou Seikatsu wo, Moto Koibito to Prologue kara (※Tadashi Koukando wa Zero)",https://myanimelist.net/manga/145854/Shinimodori_no_Mahou_Gakkou_Seikatsu_wo_Moto_Koibito_to_Prologue_kara_※Tadashi_Koukando_wa_Zero,Manga,,Jan 2022 -,Jan 2022 -,,2022.0,4989,8.05
755,148238,The Male Lead's Little Lion Daughter,https://myanimelist.net/manga/148238/The_Male_Leads_Little_Lion_Daughter,Manhwa,,Aug 2021 -,Aug 2021 -,,2021.0,15661,8.05
756,150973,Lycoris Recoil,https://myanimelist.net/manga/150973/Lycoris_Recoil,Manga,,Sep 2022 -,Sep 2022 -,,2022.0,6697,8.05
757,157281,Uma Musume: Pretty Derby - Star Blossom,https://myanimelist.net/manga/157281/Uma_Musume__Pretty_Derby_-_Star_Blossom,Manga,,Apr 2023 -,Apr 2023 -,,2023.0,2718,8.05
758,170043,Given: 10th Mix,https://myanimelist.net/manga/170043/Given__10th_Mix,Manga,1.0,Jan 2024 - Mar 2025,Jan 2024,Mar 2025,2024.0,1757,8.05
759,170480,Selfish Romance,https://myanimelist.net/manga/170480/Selfish_Romance,Manhwa,,May 2024 -,May 2024 -,,2024.0,4273,8.05
760,175718,Phantom Whispers,https://myanimelist.net/manga/175718/Phantom_Whispers,Manhwa,,Apr 2024 -,Apr 2024 -,,2024.0,1265,8.05
761,573,Wild Adapter,https://myanimelist.net/manga/573/Wild_Adapter,Manga,7.0,2001 - Mar 2016,2001,Mar 2016,2001.0,9526,8.05
762,648,Dogs: Bullets & Carnage,https://myanimelist.net/manga/648/Dogs__Bullets___Carnage,Manga,10.0,Jun 2005 - Mar 2015,Jun 2005,Mar 2015,2005.0,39044,8.05
763,1211,Ore to Akuma no Blues,https://myanimelist.net/manga/1211/Ore_to_Akuma_no_Blues,Manga,5.0,Nov 2003 - Mar 2017,Nov 2003,Mar 2017,2003.0,26697,8.05
764,1362,Hidamari Sketch,https://myanimelist.net/manga/1362/Hidamari_Sketch,Manga,,Feb 2004 -,Feb 2004 -,,2004.0,8688,8.05
765,1474,Devilman,https://myanimelist.net/manga/1474/Devilman,Manga,5.0,Jun 1972 - Jun 1973,Jun 1972,Jun 1973,1972.0,63565,8.05
766,1735,Detroit Metal City,https://myanimelist.net/manga/1735/Detroit_Metal_City,Manga,10.0,Apr 2005 - Apr 2010,Apr 2005,Apr 2010,2005.0,16694,8.05
767,3282,Hotarubi no Mori e,https://myanimelist.net/manga/3282/Hotarubi_no_Mori_e,Manga,1.0,Jun 2002 - Mar 2003,Jun 2002,Mar 2003,2002.0,22314,8.05
768,13271,Saraiya Goyou,https://myanimelist.net/manga/13271/Saraiya_Goyou,Manga,8.0,Nov 2005 - Jul 2010,Nov 2005,Jul 2010,2005.0,11707,8.05
769,13897,Giant Killing,https://myanimelist.net/manga/13897/Giant_Killing,Manga,,Jan 2007 -,Jan 2007 -,,2007.0,15109,8.05
770,14633,Seiyuu Ka!,https://myanimelist.net/manga/14633/Seiyuu_Ka,Manga,12.0,Jun 2009 - Feb 2013,Jun 2009,Feb 2013,2009.0,16303,8.05
771,18251,The Legend of the Sun Knight,https://myanimelist.net/manga/18251/The_Legend_of_the_Sun_Knight,Light Novel,8.0,Jul 2007 - Nov 2011,Jul 2007,Nov 2011,2007.0,3471,8.05
772,18570,Ultra Heaven,https://myanimelist.net/manga/18570/Ultra_Heaven,Manga,3.0,Jun 2001 - Oct 2009,Jun 2001,Oct 2009,2001.0,24255,8.05
773,22986,Ran to Haiiro no Sekai,https://myanimelist.net/manga/22986/Ran_to_Haiiro_no_Sekai,Manga,7.0,Dec 2008 - Apr 2015,Dec 2008,Apr 2015,2008.0,33183,8.05
774,50027,About Death,https://myanimelist.net/manga/50027/About_Death,Manhwa,2.0,Sep 2012 - Feb 2013,Sep 2012,Feb 2013,2012.0,16404,8.05
775,55163,Gakkougurashi!,https://myanimelist.net/manga/55163/Gakkougurashi,Manga,12.0,May 2012 - Nov 2019,May 2012,Nov 2019,2012.0,59959,8.05
776,59893,Tanaka-kun wa Itsumo Kedaruge,https://myanimelist.net/manga/59893/Tanaka-kun_wa_Itsumo_Kedaruge,Manga,13.0,Jul 2013 - Jul 2019,Jul 2013,Jul 2019,2013.0,31479,8.05
777,68883,Colette wa Shinu Koto ni Shita,https://myanimelist.net/manga/68883/Colette_wa_Shinu_Koto_ni_Shita,Manga,20.0,Nov 2013 - Oct 2021,Nov 2013,Oct 2021,2013.0,14963,8.05
778,1184,Rough,https://myanimelist.net/manga/1184/Rough,Manga,12.0,1987 - 1989,1987,1989,1987.0,8469,8.04
779,5711,Megumi no Daigo,https://myanimelist.net/manga/5711/Megumi_no_Daigo,Manga,20.0,Aug 1995 - Jun 1999,Aug 1995,Jun 1999,1995.0,4211,8.04
780,5775,Yamamoto Zenjirou to Moushimasu,https://myanimelist.net/manga/5775/Yamamoto_Zenjirou_to_Moushimasu,Manga,5.0,Feb 2007 - Aug 2011,Feb 2007,Aug 2011,2007.0,7349,8.04
781,17152,One Piece: Strong World,https://myanimelist.net/manga/17152/One_Piece__Strong_World,One-shot,,Nov 2009 - Dec 2009,Nov 2009,Dec 2009,2009.0,17529,8.04
782,57035,"Owari no Seraph: Ichinose Guren, 16-sai no Catastrophe",https://myanimelist.net/manga/57035/Owari_no_Seraph__Ichinose_Guren_16-sai_no_Catastrophe,Light Novel,7.0,Jan 2013 - Dec 2016,Jan 2013,Dec 2016,2013.0,9465,8.04
783,83923,Fate/strange Fake,https://myanimelist.net/manga/83923/Fate_strange_Fake,Manga,,Jan 2015 -,Jan 2015 -,,2015.0,10449,8.04
784,84559,Nekota no Koto ga Kininatte Shikatanai.,https://myanimelist.net/manga/84559/Nekota_no_Koto_ga_Kininatte_Shikatanai,Manga,10.0,Apr 2013 - Dec 2016,Apr 2013,Dec 2016,2013.0,12623,8.04
785,115710,Jujutsu Kaisen 0: Tokyo Toritsu Jujutsu Koutou Senmon Gakkou,https://myanimelist.net/manga/115710/Jujutsu_Kaisen_0__Tokyo_Toritsu_Jujutsu_Koutou_Senmon_Gakkou,Manga,1.0,Apr 2017 - Jul 2017,Apr 2017,Jul 2017,2017.0,127874,8.04
786,151815,Konjiki no Gash!! 2,https://myanimelist.net/manga/151815/Konjiki_no_Gash_2,Manga,,Mar 2022 -,Mar 2022 -,,2022.0,4689,8.04
787,155285,Boku no Papa to Papa no Hanashi,https://myanimelist.net/manga/155285/Boku_no_Papa_to_Papa_no_Hanashi,Manga,,Jun 2022 -,Jun 2022 -,,2022.0,1706,8.04
788,194701,The Painter Who Draws Dungeons,https://myanimelist.net/manga/194701/The_Painter_Who_Draws_Dungeons,Manhwa,,Jul 2026 -,Jul 2026 -,,2026.0,2037,8.04
789,128594,One Piece: Episode A,https://myanimelist.net/manga/128594/One_Piece__Episode_A,Manga,2.0,Sep 2020 - Dec 2021,Sep 2020,Dec 2021,2020.0,15478,8.03
790,128995,Restart wa Onaka wo Sukasete,https://myanimelist.net/manga/128995/Restart_wa_Onaka_wo_Sukasete,Manga,1.0,Dec 2019 - Aug 2020,Dec 2019,Aug 2020,2019.0,5299,8.03
791,129656,"Watashi wo Tabetai, Hitodenashi",https://myanimelist.net/manga/129656/Watashi_wo_Tabetai_Hitodenashi,Manga,,Aug 2020 -,Aug 2020 -,,2020.0,18239,8.03
792,135094,King's Maker: Triple Crown,https://myanimelist.net/manga/135094/Kings_Maker__Triple_Crown,Manhwa,10.0,May 2019 - Nov 2023,May 2019,Nov 2023,2019.0,4786,8.03
793,144393,Kagami no Kojou,https://myanimelist.net/manga/144393/Kagami_no_Kojou,Novel,1.0,May 2017 - May 2017,May 2017,May 2017,2017.0,1797,8.03
794,184902,Burning Effect,https://myanimelist.net/manga/184902/Burning_Effect,Manhwa,,Mar 2017 - Apr 2021,Mar 2017,Apr 2021,2017.0,1271,8.03
795,8,Full Moon wo Sagashite,https://myanimelist.net/manga/8/Full_Moon_wo_Sagashite,Manga,7.0,Dec 2001 - Apr 2004,Dec 2001,Apr 2004,2001.0,41220,8.03
796,670,Bokurano,https://myanimelist.net/manga/670/Bokurano,Manga,11.0,Nov 2003 - Jun 2009,Nov 2003,Jun 2009,2003.0,38165,8.03
797,976,Vampire Juujikai,https://myanimelist.net/manga/976/Vampire_Juujikai,Manga,9.0,Aug 2003 - Feb 2007,Aug 2003,Feb 2007,2003.0,14113,8.03
798,3076,Vassalord.,https://myanimelist.net/manga/3076/Vassalord,Manga,7.0,Nov 2004 - Feb 2013,Nov 2004,Feb 2013,2004.0,18268,8.03
799,4207,Boku no Hatsukoi wo Kimi ni Sasagu,https://myanimelist.net/manga/4207/Boku_no_Hatsukoi_wo_Kimi_ni_Sasagu,Manga,12.0,Aug 2005 - Jul 2008,Aug 2005,Jul 2008,2005.0,22953,8.03
800,10179,Chichi no Koyomi,https://myanimelist.net/manga/10179/Chichi_no_Koyomi,Manga,1.0,Apr 1994 - Sep 1994,Apr 1994,Sep 1994,1994.0,8738,8.03
801,10330,Oboreru Knife,https://myanimelist.net/manga/10330/Oboreru_Knife,Manga,17.0,Oct 2004 - Dec 2013,Oct 2004,Dec 2013,2004.0,9698,8.03
802,35003,Yamada-kun to 7-nin no Majo,https://myanimelist.net/manga/35003/Yamada-kun_to_7-nin_no_Majo,Manga,28.0,Feb 2012 - Feb 2017,Feb 2012,Feb 2017,2012.0,125720,8.03
803,41697,Ghost Hunt: Akumu no Sumu Ie,https://myanimelist.net/manga/41697/Ghost_Hunt__Akumu_no_Sumu_Ie,Manga,3.0,Jul 2012 - Jul 2016,Jul 2012,Jul 2016,2012.0,5187,8.03
804,49865,Ajin,https://myanimelist.net/manga/49865/Ajin,Manga,17.0,Jul 2012 - Feb 2021,Jul 2012,Feb 2021,2012.0,160544,8.03
805,96581,Zelda no Densetsu: Twilight Princess,https://myanimelist.net/manga/96581/Zelda_no_Densetsu__Twilight_Princess,Manga,11.0,Feb 2016 - Jan 2022,Feb 2016,Jan 2022,2016.0,14223,8.03
806,99815,Saihate no Paladin,https://myanimelist.net/manga/99815/Saihate_no_Paladin,Light Novel,,Mar 2016 -,Mar 2016 -,,2016.0,9744,8.03
807,105430,Senryuu Shoujo,https://myanimelist.net/manga/105430/Senryuu_Shoujo,Manga,13.0,Oct 2016 - Apr 2020,Oct 2016,Apr 2020,2016.0,35018,8.03
808,509,Saiyuuki,https://myanimelist.net/manga/509/Saiyuuki,Manga,9.0,Feb 1997 - Jan 2002,Feb 1997,Jan 2002,1997.0,19771,8.02
809,4368,Toradora!,https://myanimelist.net/manga/4368/Toradora,Manga,,Jul 2007 -,Jul 2007 -,,2007.0,42372,8.02
810,10000,"""Bungaku Shoujo"" Series",https://myanimelist.net/manga/10000/Bungaku_Shoujo_Series,Light Novel,8.0,Apr 2006 - Aug 2008,Apr 2006,Aug 2008,2006.0,8273,8.02
811,11914,Adekan,https://myanimelist.net/manga/11914/Adekan,Manga,,Jul 2007 -,Jul 2007 -,,2007.0,11572,8.02
812,14568,Clover,https://myanimelist.net/manga/14568/Clover,Manga,43.0,Apr 2007 - Oct 2015,Apr 2007,Oct 2015,2007.0,13596,8.02
813,40099,Chuunibyou demo Koi ga Shitai!,https://myanimelist.net/manga/40099/Chuunibyou_demo_Koi_ga_Shitai,Light Novel,4.0,May 2011 - Dec 2017,May 2011,Dec 2017,2011.0,10858,8.02
814,53537,Danganronpa Kirigiri,https://myanimelist.net/manga/53537/Danganronpa_Kirigiri,Light Novel,7.0,Sep 2013 - Jun 2020,Sep 2013,Jun 2020,2013.0,6008,8.02
815,77571,Higurashi no Naku Koro ni Kai - Dai 1-wa: Meakashi-hen,https://myanimelist.net/manga/77571/Higurashi_no_Naku_Koro_ni_Kai_-_Dai_1-wa__Meakashi-hen,Light Novel,2.0,May 2008 - Jun 2008,May 2008,Jun 2008,2008.0,1552,8.02
816,112268,Sono Bisque Doll wa Koi wo Suru,https://myanimelist.net/manga/112268/Sono_Bisque_Doll_wa_Koi_wo_Suru,Manga,15.0,Jan 2018 - Mar 2025,Jan 2018,Mar 2025,2018.0,203690,8.02
817,118668,Dark Gathering,https://myanimelist.net/manga/118668/Dark_Gathering,Manga,,Mar 2019 -,Mar 2019 -,,2019.0,15448,8.02
818,122842,Kakeochi Girl,https://myanimelist.net/manga/122842/Kakeochi_Girl,Manga,3.0,Oct 2018 - Feb 2020,Oct 2018,Feb 2020,2018.0,16933,8.02
819,128463,Uruwashi no Yoi no Tsuki,https://myanimelist.net/manga/128463/Uruwashi_no_Yoi_no_Tsuki,Manga,,Jul 2020 -,Jul 2020 -,,2020.0,37712,8.02
820,136975,Unmei no Hito ni Deau Hanashi,https://myanimelist.net/manga/136975/Unmei_no_Hito_ni_Deau_Hanashi,Manga,,Apr 2021 -,Apr 2021 -,,2021.0,20090,8.02
821,156240,Lout of Count's Family,https://myanimelist.net/manga/156240/Lout_of_Counts_Family,Novel,,Aug 2022 -,Aug 2022 -,,2022.0,1803,8.02
822,159696,Our Youth,https://myanimelist.net/manga/159696/Our_Youth,Manhwa,,Aug 2020 - Apr 2022,Aug 2020,Apr 2022,2020.0,1559,8.02
823,188409,Haimiya-senpai wa Kowakute Kawaii,https://myanimelist.net/manga/188409/Haimiya-senpai_wa_Kowakute_Kawaii,Manga,,Nov 2025 -,Nov 2025 -,,2025.0,23654,8.02
824,128072,Zense Coupling,https://myanimelist.net/manga/128072/Zense_Coupling,Manga,7.0,Apr 2018 - Apr 2020,Apr 2018,Apr 2020,2018.0,11510,8.01
825,145929,A Mark Against Thee,https://myanimelist.net/manga/145929/A_Mark_Against_Thee,Manhwa,5.0,Dec 2019 - May 2021,Dec 2019,May 2021,2019.0,1242,8.01
826,147389,Log-in Murim,https://myanimelist.net/manga/147389/Log-in_Murim,Manhwa,,May 2020 -,May 2020 -,,2020.0,22153,8.01
827,23,Ranma ½,https://myanimelist.net/manga/23/Ranma_½,Manga,38.0,Aug 1987 - Feb 1996,Aug 1987,Feb 1996,1987.0,59139,8.01
828,105,Kekkaishi,https://myanimelist.net/manga/105/Kekkaishi,Manga,35.0,Feb 2004 - Apr 2011,Feb 2004,Apr 2011,2004.0,33273,8.01
829,1668,Black Jack ni Yoroshiku,https://myanimelist.net/manga/1668/Black_Jack_ni_Yoroshiku,Manga,13.0,Jan 2002 - Jan 2006,Jan 2002,Jan 2006,2002.0,7300,8.01
830,14110,Seitokai Yakuindomo,https://myanimelist.net/manga/14110/Seitokai_Yakuindomo,Manga,22.0,May 2007 - Nov 2021,May 2007,Nov 2021,2007.0,25560,8.01
831,14721,D-Frag!,https://myanimelist.net/manga/14721/D-Frag,Manga,,Jul 2008 -,Jul 2008 -,,2008.0,33410,8.01
832,14978,Saiyuuki Reload Blast,https://myanimelist.net/manga/14978/Saiyuuki_Reload_Blast,Manga,,Dec 2009 -,Dec 2009 -,,2009.0,4845,8.01
833,17465,Omoide Emanon,https://myanimelist.net/manga/17465/Omoide_Emanon,Manga,1.0,Sep 2006 - Jan 2008,Sep 2006,Jan 2008,2006.0,74293,8.01
834,25250,Voynich Hotel,https://myanimelist.net/manga/25250/Voynich_Hotel,Manga,3.0,Oct 2006 - Mar 2015,Oct 2006,Mar 2015,2006.0,35963,8.01
835,25916,Saint Seiya: The Lost Canvas - Meiou Shinwa Gaiden,https://myanimelist.net/manga/25916/Saint_Seiya__The_Lost_Canvas_-_Meiou_Shinwa_Gaiden,Manga,16.0,May 2011 - Mar 2016,May 2011,Mar 2016,2011.0,5879,8.01
836,26441,"Maoyuu Maou Yuusha: 'Kono Ware no Mono to Nare, Yuusha yo' 'Kotowaru!'",https://myanimelist.net/manga/26441/Maoyuu_Maou_Yuusha__Kono_Ware_no_Mono_to_Nare_Yuusha_yo_Kotowaru,Manga,18.0,Apr 2011 - Apr 2016,Apr 2011,Apr 2016,2011.0,19751,8.01
837,52043,Chichikogusa,https://myanimelist.net/manga/52043/Chichikogusa,Manga,8.0,Jan 2013 - Mar 2018,Jan 2013,Mar 2018,2013.0,7734,8.01
838,74847,Tokyo Ghoul,https://myanimelist.net/manga/74847/Tokyo_Ghoul,Light Novel,3.0,Jul 2013 - Dec 2014,Jul 2013,Dec 2014,2013.0,16546,8.01
839,86310,Imouto sae Ireba Ii.,https://myanimelist.net/manga/86310/Imouto_sae_Ireba_Ii,Light Novel,14.0,Mar 2015 - Feb 2020,Mar 2015,Feb 2020,2015.0,11206,8.01
840,98578,Kanata no Astra,https://myanimelist.net/manga/98578/Kanata_no_Astra,Manga,5.0,May 2016 - Dec 2017,May 2016,Dec 2017,2016.0,24389,8.01
841,544,Shigeshoushi,https://myanimelist.net/manga/544/Shigeshoushi,Manga,7.0,May 2002 - Apr 2013,May 2002,Apr 2013,2002.0,16406,8.0
842,595,Id,https://myanimelist.net/manga/595/Id,Manhwa,29.0,2002 - 2013,2002,2013,2002.0,13761,8.0
843,665,MeruPuri: Märchen☆Prince,https://myanimelist.net/manga/665/MeruPuri__Märchen☆Prince,Manga,4.0,Aug 2002 - Sep 2004,Aug 2002,Sep 2004,2002.0,24947,8.0
844,907,Mekakushi no Kuni,https://myanimelist.net/manga/907/Mekakushi_no_Kuni,Manga,9.0,Dec 1998 - Jan 2004,Dec 1998,Jan 2004,1998.0,10894,8.0
845,1388,Candy Candy,https://myanimelist.net/manga/1388/Candy_Candy,Manga,9.0,Mar 1975 - Feb 1979,Mar 1975,Feb 1979,1975.0,5864,8.0
846,1506,Sunadokei,https://myanimelist.net/manga/1506/Sunadokei,Manga,10.0,Aug 2003 - Aug 2006,Aug 2003,Aug 2006,2003.0,17878,8.0
847,1648,Tengen Toppa Gurren Lagann,https://myanimelist.net/manga/1648/Tengen_Toppa_Gurren_Lagann,Manga,10.0,Apr 2007 - May 2013,Apr 2007,May 2013,2007.0,16213,8.0
848,5820,Sumire♡16-sai!!,https://myanimelist.net/manga/5820/Sumire♡16-sai,Manga,5.0,May 2006 - Jan 2009,May 2006,Jan 2009,2006.0,7666,8.0
849,7728,Rozen Maiden (2008),https://myanimelist.net/manga/7728/Rozen_Maiden_2008,Manga,10.0,Apr 2008 - Jan 2014,Apr 2008,Jan 2014,2008.0,10285,8.0
850,23627,Yowamushi Pedal,https://myanimelist.net/manga/23627/Yowamushi_Pedal,Manga,,Feb 2008 -,Feb 2008 -,,2008.0,16624,8.0
851,24339,Ouran Koukou Host Club Short Special,https://myanimelist.net/manga/24339/Ouran_Koukou_Host_Club_Short_Special,One-shot,,Nov 2010 - Nov 2010,Nov 2010,Nov 2010,2010.0,6599,8.0
852,43857,Buttobi Itto,https://myanimelist.net/manga/43857/Buttobi_Itto,Manga,26.0,Jan 1999 - Jun 2007,Jan 1999,Jun 2007,1999.0,1116,8.0
853,89553,Usemono Yado,https://myanimelist.net/manga/89553/Usemono_Yado,Manga,3.0,Mar 2014 - Oct 2015,Mar 2014,Oct 2015,2014.0,11127,8.0
854,94919,Bokutachi ga Yarimashita,https://myanimelist.net/manga/94919/Bokutachi_ga_Yarimashita,Manga,9.0,Apr 2015 - Jan 2017,Apr 2015,Jan 2017,2015.0,35152,8.0
855,97179,Hokuhokusei ni Kumo to Ike,https://myanimelist.net/manga/97179/Hokuhokusei_ni_Kumo_to_Ike,Manga,,Mar 2016 -,Mar 2016 -,,2016.0,12469,8.0
856,99007,"Komi-san wa, Comyushou desu.",https://myanimelist.net/manga/99007/Komi-san_wa_Comyushou_desu,Manga,37.0,May 2016 - Jan 2025,May 2016,Jan 2025,2016.0,278349,8.0
857,102165,Tokidoki,https://myanimelist.net/manga/102165/Tokidoki,One-shot,,Oct 2016 - Oct 2016,Oct 2016,Oct 2016,2016.0,52199,8.0
858,103942,Ao no Flag,https://myanimelist.net/manga/103942/Ao_no_Flag,Manga,8.0,Feb 2017 - Apr 2020,Feb 2017,Apr 2020,2017.0,74603,8.0
859,107239,Maiko-san Chi no Makanai-san,https://myanimelist.net/manga/107239/Maiko-san_Chi_no_Makanai-san,Manga,30.0,Dec 2016 - Jan 2025,Dec 2016,Jan 2025,2016.0,8188,8.0
860,138148,Watashi no Shiawase na Kekkon,https://myanimelist.net/manga/138148/Watashi_no_Shiawase_na_Kekkon,Novel,,Jan 2019 -,Jan 2019 -,,2019.0,6401,8.0
861,147091,Seihantai na Kimi to Boku,https://myanimelist.net/manga/147091/Seihantai_na_Kimi_to_Boku,Manga,8.0,Jan 2021 - Nov 2024,Jan 2021,Nov 2024,2021.0,32701,8.0
862,159093,Bocchi the Rock! Gaiden: Hiroi Kikuri no Fukazake Nikki,https://myanimelist.net/manga/159093/Bocchi_the_Rock_Gaiden__Hiroi_Kikuri_no_Fukazake_Nikki,Manga,,Jul 2023 -,Jul 2023 -,,2023.0,5090,8.0
863,178408,Miss Pendleton,https://myanimelist.net/manga/178408/Miss_Pendleton,Manhwa,,Jan 2025 -,Jan 2025 -,,2025.0,1989,8.0
864,180376,"What a Bountiful Harvest, Demon Lord!",https://myanimelist.net/manga/180376/What_a_Bountiful_Harvest_Demon_Lord,Manhwa,,Mar 2025 -,Mar 2025 -,,2025.0,7782,8.0
865,184943,Concubine Walkthrough,https://myanimelist.net/manga/184943/Concubine_Walkthrough,Manhwa,,Jun 2020 - Dec 2022,Jun 2020,Dec 2022,2020.0,1206,8.0
866,118232,Watashi no Shiawase na Kekkon,https://myanimelist.net/manga/118232/Watashi_no_Shiawase_na_Kekkon,Manga,,Dec 2018 -,Dec 2018 -,,2018.0,23913,7.99
867,120970,Fools,https://myanimelist.net/manga/120970/Fools,Manhwa,4.0,Jun 2016 - Oct 2017,Jun 2016,Oct 2017,2016.0,7424,7.99
868,122559,Devil May Cry 5: Visions of V,https://myanimelist.net/manga/122559/Devil_May_Cry_5__Visions_of_V,Manga,5.0,Apr 2019 - Mar 2022,Apr 2019,Mar 2022,2019.0,4909,7.99
869,136793,Itou Junji Jisen Kessakushuu,https://myanimelist.net/manga/136793/Itou_Junji_Jisen_Kessakushuu,Manga,1.0,Nov 1990 - Oct 2015,Nov 1990,Oct 2015,1990.0,13542,7.99
870,140921,Positively Yours,https://myanimelist.net/manga/140921/Positively_Yours,Manhwa,8.0,Jun 2020 - Mar 2022,Jun 2020,Mar 2022,2020.0,15005,7.99
871,150293,Jingjiu,https://myanimelist.net/manga/150293/Jingjiu,Manhua,,Oct 2019 - Mar 2023,Oct 2019,Mar 2023,2019.0,1851,7.99
872,152907,Museru kurai no Ai wo Ageru,https://myanimelist.net/manga/152907/Museru_kurai_no_Ai_wo_Ageru,Manga,,Oct 2022 -,Oct 2022 -,,2022.0,19332,7.99
873,154679,Hotaru no Yomeiri,https://myanimelist.net/manga/154679/Hotaru_no_Yomeiri,Manga,13.0,Jan 2023 - Jan 2026,Jan 2023,Jan 2026,2023.0,31098,7.99
874,155158,Famiresu Iko.,https://myanimelist.net/manga/155158/Famiresu_Iko,Manga,2.0,Nov 2020 - Feb 2026,Nov 2020,Feb 2026,2020.0,2389,7.99
875,160661,Tamaranai no wa Koi nano ka,https://myanimelist.net/manga/160661/Tamaranai_no_wa_Koi_nano_ka,Manga,,Jul 2023 -,Jul 2023 -,,2023.0,4383,7.99
876,183650,A Regressor's Tale of Cultivation,https://myanimelist.net/manga/183650/A_Regressors_Tale_of_Cultivation,Manhwa,,Jun 2025 -,Jun 2025 -,,2025.0,4686,7.99
877,160,School Rumble,https://myanimelist.net/manga/160/School_Rumble,Manga,22.0,Oct 2002 - Jul 2008,Oct 2002,Jul 2008,2002.0,31898,7.99
878,407,Life,https://myanimelist.net/manga/407/Life,Manga,20.0,Apr 2002 - Feb 2009,Apr 2002,Feb 2009,2002.0,20798,7.99
879,534,Spiral: Suiri no Kizuna,https://myanimelist.net/manga/534/Spiral__Suiri_no_Kizuna,Manga,15.0,Aug 1999 - Oct 2005,Aug 1999,Oct 2005,1999.0,13384,7.99
880,926,Penguin Kakumei,https://myanimelist.net/manga/926/Penguin_Kakumei,Manga,7.0,Aug 2004 - Dec 2007,Aug 2004,Dec 2007,2004.0,10500,7.99
881,5029,Kingyosou,https://myanimelist.net/manga/5029/Kingyosou,Manga,2.0,Aug 2005 - Feb 2007,Aug 2005,Feb 2007,2005.0,9225,7.99
882,12070,Moribito Series,https://myanimelist.net/manga/12070/Moribito_Series,Light Novel,10.0,Jul 1996 - Feb 2007,Jul 1996,Feb 2007,1996.0,4195,7.99
883,27861,Mahou Shoujo Madoka★Magica,https://myanimelist.net/manga/27861/Mahou_Shoujo_Madoka★Magica,Light Novel,2.0,Aug 2011 - Aug 2011,Aug 2011,Aug 2011,2011.0,4361,7.99
884,28899,Steins;Gate: Onshuu no Brownian Motion,https://myanimelist.net/manga/28899/Steins_Gate__Onshuu_no_Brownian_Motion,Manga,2.0,Jul 2010 - Apr 2012,Jul 2010,Apr 2012,2010.0,6127,7.99
885,37565,10 Dance,https://myanimelist.net/manga/37565/10_Dance,Manga,,Dec 2011 -,Dec 2011 -,,2011.0,8788,7.99
886,59961,Aoharu x Kikanjuu,https://myanimelist.net/manga/59961/Aoharu_x_Kikanjuu,Manga,18.0,Jun 2012 - Aug 2019,Jun 2012,Aug 2019,2012.0,17367,7.99
887,89562,Tsubaki-chou Lonely Planet,https://myanimelist.net/manga/89562/Tsubaki-chou_Lonely_Planet,Manga,14.0,May 2015 - Aug 2019,May 2015,Aug 2019,2015.0,50814,7.99
888,95920,Niehime to Kemono no Ou,https://myanimelist.net/manga/95920/Niehime_to_Kemono_no_Ou,Manga,15.0,Aug 2015 - Oct 2020,Aug 2015,Oct 2020,2015.0,17903,7.99
889,97200,Kono Subarashii Sekai ni Shukufuku wo! Spin-off: Kono Kamen no Akuma ni Soudan wo!,https://myanimelist.net/manga/97200/Kono_Subarashii_Sekai_ni_Shukufuku_wo_Spin-off__Kono_Kamen_no_Akuma_ni_Soudan_wo,Light Novel,1.0,Sep 2015 - Dec 2015,Sep 2015,Dec 2015,2015.0,4620,7.99
890,100051,Kimi no Na wa. Another Side: Earthbound,https://myanimelist.net/manga/100051/Kimi_no_Na_wa_Another_Side__Earthbound,Light Novel,1.0,Jul 2016 - Jul 2016,Jul 2016,Jul 2016,2016.0,8244,7.99
891,164,Nousatsu Junkie,https://myanimelist.net/manga/164/Nousatsu_Junkie,Manga,16.0,Oct 2003 - Nov 2008,Oct 2003,Nov 2008,2003.0,13507,7.98
892,422,Yamato Nadeshiko Shichihenge♥,https://myanimelist.net/manga/422/Yamato_Nadeshiko_Shichihenge♥,Manga,36.0,Mar 2000 - Jan 2015,Mar 2000,Jan 2015,2000.0,29081,7.98
893,871,Dragon Quest: Dai no Daibouken,https://myanimelist.net/manga/871/Dragon_Quest__Dai_no_Daibouken,Manga,37.0,Oct 1989 - Nov 1996,Oct 1989,Nov 1996,1989.0,13761,7.98
894,1067,Cesare: Hakai no Souzousha,https://myanimelist.net/manga/1067/Cesare__Hakai_no_Souzousha,Manga,13.0,Mar 2005 - Nov 2021,Mar 2005,Nov 2021,2005.0,8848,7.98
895,3713,Bartender,https://myanimelist.net/manga/3713/Bartender,Manga,21.0,Dec 2004 - Dec 2011,Dec 2004,Dec 2011,2004.0,20084,7.98
896,5454,Golden Days,https://myanimelist.net/manga/5454/Golden_Days,Manga,8.0,Apr 2005 - Dec 2007,Apr 2005,Dec 2007,2005.0,5438,7.98
897,7630,Toshokan Sensou: Love & War,https://myanimelist.net/manga/7630/Toshokan_Sensou__Love___War,Manga,15.0,Sep 2007 - Feb 2015,Sep 2007,Feb 2015,2007.0,8990,7.98
898,11329,Mudazumonaki Kaikaku,https://myanimelist.net/manga/11329/Mudazumonaki_Kaikaku,Manga,16.0,Feb 2006 - 2015,Feb 2006,2015,2006.0,10906,7.98
899,11496,Code Geass: Hangyaku no Lelouch,https://myanimelist.net/manga/11496/Code_Geass__Hangyaku_no_Lelouch,Light Novel,5.0,Apr 2007 - Mar 2008,Apr 2007,Mar 2008,2007.0,5223,7.98
900,11643,Kattobi Itto,https://myanimelist.net/manga/11643/Kattobi_Itto,Manga,46.0,Aug 1985 - Nov 1998,Aug 1985,Nov 1998,1985.0,1996,7.98
901,16686,Bokura no Kiseki,https://myanimelist.net/manga/16686/Bokura_no_Kiseki,Manga,,Nov 2007 -,Nov 2007 -,,2007.0,16221,7.98
902,33251,Konya mo Nemurenai,https://myanimelist.net/manga/33251/Konya_mo_Nemurenai,Manga,3.0,Jul 2011 - Jul 2014,Jul 2011,Jul 2014,2011.0,20214,7.98
903,40345,Dr. Frost,https://myanimelist.net/manga/40345/Dr_Frost,Manhwa,,Feb 2011 - Sep 2021,Feb 2011,Sep 2021,2011.0,14493,7.98
904,43605,Bleach: Spirits Are Forever with You,https://myanimelist.net/manga/43605/Bleach__Spirits_Are_Forever_with_You,Light Novel,2.0,Jun 2012 - Jun 2012,Jun 2012,Jun 2012,2012.0,4860,7.98
905,57015,Jitsu wa Watashi wa,https://myanimelist.net/manga/57015/Jitsu_wa_Watashi_wa,Manga,22.0,Jan 2013 - Feb 2017,Jan 2013,Feb 2017,2013.0,54211,7.98
906,62723,Noragami: Shuuishuu,https://myanimelist.net/manga/62723/Noragami__Shuuishuu,Manga,,Oct 2011 - Feb 2016,Oct 2011,Feb 2016,2011.0,12807,7.98
907,77577,Higurashi no Naku Koro ni Kai - Dai 4-wa: Matsuribayashi-hen,https://myanimelist.net/manga/77577/Higurashi_no_Naku_Koro_ni_Kai_-_Dai_4-wa__Matsuribayashi-hen,Light Novel,3.0,Nov 2008 - Jan 2009,Nov 2008,Jan 2009,2008.0,1214,7.98
908,99391,"Doukyonin wa Hiza, Tokidoki, Atama no Ue.",https://myanimelist.net/manga/99391/Doukyonin_wa_Hiza_Tokidoki_Atama_no_Ue,Manga,,Jun 2015 -,Jun 2015 -,,2015.0,10677,7.98
909,103722,Shuumatsu Nani Shitemasu ka? Isogashii desu ka? Sukutte Moratte Ii desu ka? Ex,https://myanimelist.net/manga/103722/Shuumatsu_Nani_Shitemasu_ka_Isogashii_desu_ka_Sukutte_Moratte_Ii_desu_ka_Ex,Light Novel,1.0,Feb 2017 - Feb 2017,Feb 2017,Feb 2017,2017.0,3366,7.98
910,116539,Subete no Jinrui wo Hakai suru. Sorera wa Saisei Dekinai.,https://myanimelist.net/manga/116539/Subete_no_Jinrui_wo_Hakai_suru_Sorera_wa_Saisei_Dekinai,Manga,18.0,Nov 2018 - May 2025,Nov 2018,May 2025,2018.0,26747,7.98
911,119521,Odd Girl Out,https://myanimelist.net/manga/119521/Odd_Girl_Out,Manhwa,,May 2015 -,May 2015 -,,2015.0,7265,7.98
912,122104,Yoru wa Mijikashi Aruke yo Otome,https://myanimelist.net/manga/122104/Yoru_wa_Mijikashi_Aruke_yo_Otome,Novel,1.0,Nov 2006 - Nov 2006,Nov 2006,Nov 2006,2006.0,2901,7.98
913,127956,"Watashi ga Koibito ni Nareru Wake Nai jan, Muri Muri! (※Muri ja Nakatta!?)",https://myanimelist.net/manga/127956/Watashi_ga_Koibito_ni_Nareru_Wake_Nai_jan_Muri_Muri_※Muri_ja_Nakatta,Light Novel,,Feb 2020 -,Feb 2020 -,,2020.0,3731,7.98
914,138744,Tensei Oujo to Tensai Reijou no Mahou Kakumei,https://myanimelist.net/manga/138744/Tensei_Oujo_to_Tensai_Reijou_no_Mahou_Kakumei,Light Novel,,Jan 2020 -,Jan 2020 -,,2020.0,4665,7.98
915,143948,Otome Game no Heroine de Saikyou Survival,https://myanimelist.net/manga/143948/Otome_Game_no_Heroine_de_Saikyou_Survival,Light Novel,,Apr 2021 -,Apr 2021 -,,2021.0,1125,7.98
916,146750,Pigpen,https://myanimelist.net/manga/146750/Pigpen,Manhwa,,Mar 2019 - Jun 2020,Mar 2019,Jun 2020,2019.0,16525,7.98
917,148961,The Superhuman Era,https://myanimelist.net/manga/148961/The_Superhuman_Era,Manhwa,,Jul 2019 -,Jul 2019 -,,2019.0,9791,7.98
918,153518,Tyrant of the Tower Defense Game,https://myanimelist.net/manga/153518/Tyrant_of_the_Tower_Defense_Game,Manhwa,,Aug 2022 -,Aug 2022 -,,2022.0,17806,7.98
919,158560,The Top Dungeon Farmer,https://myanimelist.net/manga/158560/The_Top_Dungeon_Farmer,Manhwa,,Apr 2023 -,Apr 2023 -,,2023.0,13996,7.98
920,110485,Shuumatsu no Walküre,https://myanimelist.net/manga/110485/Shuumatsu_no_Walküre,Manga,,Nov 2017 -,Nov 2017 -,,2017.0,154755,7.97
921,113095,Yumi's Cells,https://myanimelist.net/manga/113095/Yumis_Cells,Manhwa,13.0,Apr 2015 - Nov 2020,Apr 2015,Nov 2020,2015.0,6230,7.97
922,122575,Sayonara Rose Garden,https://myanimelist.net/manga/122575/Sayonara_Rose_Garden,Manga,3.0,Jul 2018 - Jan 2020,Jul 2018,Jan 2020,2018.0,14293,7.97
923,129409,Girls & Panzer: Pravda Senki,https://myanimelist.net/manga/129409/Girls___Panzer__Pravda_Senki,Manga,5.0,Jul 2018 - Oct 2021,Jul 2018,Oct 2021,2018.0,2230,7.97
924,132378,Isekai no Sata wa Shachiku Shidai,https://myanimelist.net/manga/132378/Isekai_no_Sata_wa_Shachiku_Shidai,Manga,,Mar 2020 -,Mar 2020 -,,2020.0,7378,7.97
925,133057,Boku no Hero Academia the Movie: Heroes:Rising,https://myanimelist.net/manga/133057/Boku_no_Hero_Academia_the_Movie__Heroes_Rising,Light Novel,1.0,Dec 2019 - Dec 2019,Dec 2019,Dec 2019,2019.0,4040,7.97
926,149622,Qian Qiu,https://myanimelist.net/manga/149622/Qian_Qiu,Novel,4.0,Oct 2018 - Nov 2018,Oct 2018,Nov 2018,2018.0,1034,7.97
927,151714,Kemutai Hanashi,https://myanimelist.net/manga/151714/Kemutai_Hanashi,Manga,,Nov 2021 -,Nov 2021 -,,2021.0,2316,7.97
928,133,Tokyo Babylon,https://myanimelist.net/manga/133/Tokyo_Babylon,Manga,7.0,1990 - 1993,1990,1993,1990.0,25302,7.97
929,392,Kimi wa Pet,https://myanimelist.net/manga/392/Kimi_wa_Pet,Manga,14.0,May 2000 - Oct 2005,May 2000,Oct 2005,2000.0,24132,7.97
930,888,Tsuki no Shippo,https://myanimelist.net/manga/888/Tsuki_no_Shippo,Manga,15.0,Mar 2003 - Aug 2007,Mar 2003,Aug 2007,2003.0,11992,7.97
931,3064,Kiichi!!,https://myanimelist.net/manga/3064/Kiichi,Manga,9.0,2001 - 2006,2001,2006,2001.0,12588,7.97
932,3258,Haruka na Machi e,https://myanimelist.net/manga/3258/Haruka_na_Machi_e,Manga,2.0,Apr 1998 - Nov 1998,Apr 1998,Nov 1998,1998.0,24438,7.97
933,5380,Hyouge Mono,https://myanimelist.net/manga/5380/Hyouge_Mono,Manga,25.0,Aug 2005 - Nov 2017,Aug 2005,Nov 2017,2005.0,3912,7.97
934,5664,Nurarihyon no Mago,https://myanimelist.net/manga/5664/Nurarihyon_no_Mago,Manga,25.0,Mar 2008 - Dec 2012,Mar 2008,Dec 2012,2008.0,46006,7.97
935,24302,Rockman Gigamix,https://myanimelist.net/manga/24302/Rockman_Gigamix,Manga,3.0,Nov 2009 - Nov 2010,Nov 2009,Nov 2010,2009.0,1442,7.97
936,44933,Kanshikan Tsunemori Akane,https://myanimelist.net/manga/44933/Kanshikan_Tsunemori_Akane,Manga,6.0,Nov 2012 - Dec 2014,Nov 2012,Dec 2014,2012.0,15066,7.97
937,57201,Rakudai Kishi no Cavalry,https://myanimelist.net/manga/57201/Rakudai_Kishi_no_Cavalry,Light Novel,19.0,Jul 2013 - Dec 2023,Jul 2013,Dec 2023,2013.0,19114,7.97
938,61307,Rokujouma no Shinryakusha!?,https://myanimelist.net/manga/61307/Rokujouma_no_Shinryakusha,Light Novel,,Mar 2009 -,Mar 2009 -,,2009.0,5963,7.97
939,62083,Saenai Heroine no Sodatekata: Koisuru Metronome,https://myanimelist.net/manga/62083/Saenai_Heroine_no_Sodatekata__Koisuru_Metronome,Manga,10.0,Aug 2013 - Apr 2018,Aug 2013,Apr 2018,2013.0,12682,7.97
940,77575,Higurashi no Naku Koro ni Kai - Dai 3-wa: Minagoroshi-hen,https://myanimelist.net/manga/77575/Higurashi_no_Naku_Koro_ni_Kai_-_Dai_3-wa__Minagoroshi-hen,Light Novel,2.0,Sep 2008 - Oct 2008,Sep 2008,Oct 2008,2008.0,1228,7.97
941,81667,Overlord,https://myanimelist.net/manga/81667/Overlord,Manga,19.0,Nov 2014 - May 2023,Nov 2014,May 2023,2014.0,50063,7.97
942,90118,Tsuki ga Michibiku Isekai Douchuu,https://myanimelist.net/manga/90118/Tsuki_ga_Michibiku_Isekai_Douchuu,Light Novel,,May 2013 -,May 2013 -,,2013.0,11576,7.97
943,98639,Maoujou de Oyasumi,https://myanimelist.net/manga/98639/Maoujou_de_Oyasumi,Manga,,May 2016 -,May 2016 -,,2016.0,24442,7.97
944,104829,Sachi-iro no One Room,https://myanimelist.net/manga/104829/Sachi-iro_no_One_Room,Manga,11.0,Sep 2016 - Dec 2022,Sep 2016,Dec 2022,2016.0,57891,7.97
945,1031,Bokura ga Ita,https://myanimelist.net/manga/1031/Bokura_ga_Ita,Manga,16.0,Apr 2002 - Feb 2012,Apr 2002,Feb 2012,2002.0,52493,7.96
946,2435,Crayon Shin-chan,https://myanimelist.net/manga/2435/Crayon_Shin-chan,Manga,50.0,Aug 1990 - Mar 2010,Aug 1990,Mar 2010,1990.0,6820,7.96
947,5655,Kaijuu no Kodomo,https://myanimelist.net/manga/5655/Kaijuu_no_Kodomo,Manga,5.0,Dec 2005 - Sep 2011,Dec 2005,Sep 2011,2005.0,19421,7.96
948,7378,Strobe Edge,https://myanimelist.net/manga/7378/Strobe_Edge,Manga,10.0,Jun 2007 - Aug 2010,Jun 2007,Aug 2010,2007.0,68739,7.96
949,10270,Karneval,https://myanimelist.net/manga/10270/Karneval,Manga,28.0,Aug 2007 - Oct 2021,Aug 2007,Oct 2021,2007.0,38207,7.96
950,13290,Ningen Shikkaku,https://myanimelist.net/manga/13290/Ningen_Shikkaku,Manga,3.0,Feb 2009 - Apr 2011,Feb 2009,Apr 2011,2009.0,43394,7.96
951,17541,Shinrei Tantei Yakumo,https://myanimelist.net/manga/17541/Shinrei_Tantei_Yakumo,Manga,14.0,Jun 2009 - Jun 2016,Jun 2009,Jun 2016,2009.0,21555,7.96
952,21479,Sword Art Online,https://myanimelist.net/manga/21479/Sword_Art_Online,Light Novel,,Apr 2009 -,Apr 2009 -,,2009.0,66087,7.96
953,22699,Black Lagoon,https://myanimelist.net/manga/22699/Black_Lagoon,Light Novel,2.0,Jul 2008 - Jan 2011,Jul 2008,Jan 2011,2008.0,4320,7.96
954,26021,Hajimari no Niina,https://myanimelist.net/manga/26021/Hajimari_no_Niina,Manga,4.0,Sep 2010 - Oct 2012,Sep 2010,Oct 2012,2010.0,16289,7.96
955,30051,Sakura-sou no Pet na Kanojo,https://myanimelist.net/manga/30051/Sakura-sou_no_Pet_na_Kanojo,Light Novel,13.0,Jan 2010 - Mar 2014,Jan 2010,Mar 2014,2010.0,17850,7.96
956,36615,Hori-san to Miyamura-kun,https://myanimelist.net/manga/36615/Hori-san_to_Miyamura-kun,Manga,10.0,Feb 2007 - Dec 2011,Feb 2007,Dec 2011,2007.0,16303,7.96
957,39291,Nijiiro Days,https://myanimelist.net/manga/39291/Nijiiro_Days,Manga,16.0,Dec 2011 - May 2018,Dec 2011,May 2018,2011.0,43758,7.96
958,66433,Dungeon ni Deai wo Motomeru no wa Machigatteiru Darou ka Gaiden: Sword Oratoria,https://myanimelist.net/manga/66433/Dungeon_ni_Deai_wo_Motomeru_no_wa_Machigatteiru_Darou_ka_Gaiden__Sword_Oratoria,Light Novel,,Jan 2014 -,Jan 2014 -,,2014.0,6121,7.96
959,75929,Arte,https://myanimelist.net/manga/75929/Arte,Manga,,Oct 2013 -,Oct 2013 -,,2013.0,15868,7.96
960,79169,Shinigami wo Tabeta Shoujo,https://myanimelist.net/manga/79169/Shinigami_wo_Tabeta_Shoujo,Light Novel,2.0,Dec 2012 - Dec 2012,Dec 2012,Dec 2012,2012.0,3889,7.96
961,79193,Doupo Cangqiong,https://myanimelist.net/manga/79193/Doupo_Cangqiong,Manhua,,Jun 2012 -,Jun 2012 -,,2012.0,24802,7.96
962,101554,City,https://myanimelist.net/manga/101554/City,Manga,,Sep 2016 -,Sep 2016 -,,2016.0,11515,7.96
963,103268,No Game No Life: Practical War Game,https://myanimelist.net/manga/103268/No_Game_No_Life__Practical_War_Game,Light Novel,1.0,Dec 2016 - Dec 2016,Dec 2016,Dec 2016,2016.0,5083,7.96
964,118166,Hypnosis Mic: Division Rap Battle - side F.P & M,https://myanimelist.net/manga/118166/Hypnosis_Mic__Division_Rap_Battle_-_side_FP___M,Manga,3.0,Dec 2018 - Feb 2020,Dec 2018,Feb 2020,2018.0,2791,7.96
965,119852,Haikyuu-bu!!,https://myanimelist.net/manga/119852/Haikyuu-bu,Manga,14.0,May 2019 - Mar 2025,May 2019,Mar 2025,2019.0,6018,7.96
966,120251,Saya no Uta,https://myanimelist.net/manga/120251/Saya_no_Uta,Light Novel,1.0,Dec 2018 - Dec 2018,Dec 2018,Dec 2018,2018.0,4212,7.96
967,123756,Shousetsu Tenki no Ko,https://myanimelist.net/manga/123756/Shousetsu_Tenki_no_Ko,Novel,1.0,Jul 2019 - Jul 2019,Jul 2019,Jul 2019,2019.0,1872,7.96
968,128231,Weak Hero,https://myanimelist.net/manga/128231/Weak_Hero,Manhwa,19.0,May 2018 - Oct 2023,May 2018,Oct 2023,2018.0,31730,7.96
969,131171,Ghost Teller,https://myanimelist.net/manga/131171/Ghost_Teller,Manhwa,,Apr 2017 - Jul 2020,Apr 2017,Jul 2020,2017.0,6566,7.96
970,147328,A Man's Man,https://myanimelist.net/manga/147328/A_Mans_Man,Manhwa,,Jul 2020 -,Jul 2020 -,,2020.0,5016,7.96
971,147368,My In-Laws Are Obsessed with Me,https://myanimelist.net/manga/147368/My_In-Laws_Are_Obsessed_with_Me,Manhwa,,Nov 2021 -,Nov 2021 -,,2021.0,13720,7.96
972,147712,Maybe Meant to Be,https://myanimelist.net/manga/147712/Maybe_Meant_to_Be,Manhwa,,Feb 2022 - Oct 2025,Feb 2022,Oct 2025,2022.0,30205,7.96
973,157888,Revenge of the Baskerville Bloodhound,https://myanimelist.net/manga/157888/Revenge_of_the_Baskerville_Bloodhound,Manhwa,,Apr 2023 -,Apr 2023 -,,2023.0,42944,7.96
974,162183,Kami no Fune de Nemuru,https://myanimelist.net/manga/162183/Kami_no_Fune_de_Nemuru,Manga,2.0,May 2023 - Nov 2023,May 2023,Nov 2023,2023.0,2704,7.96
975,167925,Foam of the Sea,https://myanimelist.net/manga/167925/Foam_of_the_Sea,Manhwa,,Oct 2023 - Oct 2024,Oct 2023,Oct 2024,2023.0,2686,7.96
976,117044,Hypnosis Mic: Before the Battle - The Dirty Dawg,https://myanimelist.net/manga/117044/Hypnosis_Mic__Before_the_Battle_-_The_Dirty_Dawg,Manga,4.0,Dec 2018 - Jul 2020,Dec 2018,Jul 2020,2018.0,3724,7.95
977,120656,Gekijouban One Piece: Stampede,https://myanimelist.net/manga/120656/Gekijouban_One_Piece__Stampede,Light Novel,1.0,Aug 2019 - Aug 2019,Aug 2019,Aug 2019,2019.0,2794,7.95
978,123681,Kimi no Koto ga Daidaidaidaidaisuki na 100-nin no Kanojo,https://myanimelist.net/manga/123681/Kimi_no_Koto_ga_Daidaidaidaidaisuki_na_100-nin_no_Kanojo,Manga,,Dec 2019 -,Dec 2019 -,,2019.0,72166,7.95
979,131443,Onna no Sono no Hoshi,https://myanimelist.net/manga/131443/Onna_no_Sono_no_Hoshi,Manga,,Jan 2020 -,Jan 2020 -,,2020.0,5208,7.95
980,132975,Anemone wa Netsu wo Obiru,https://myanimelist.net/manga/132975/Anemone_wa_Netsu_wo_Obiru,Manga,9.0,Nov 2020 - Apr 2025,Nov 2020,Apr 2025,2020.0,14414,7.95
981,147530,Gosu,https://myanimelist.net/manga/147530/Gosu,Manhwa,,Sep 2015 - Apr 2021,Sep 2015,Apr 2021,2015.0,11835,7.95
982,148365,Marriage of Convenience,https://myanimelist.net/manga/148365/Marriage_of_Convenience,Manhwa,,Apr 2022 - Sep 2024,Apr 2022,Sep 2024,2022.0,15831,7.95
983,148410,Kill the Villainess,https://myanimelist.net/manga/148410/Kill_the_Villainess,Manhwa,7.0,Apr 2021 - Jan 2024,Apr 2021,Jan 2024,2021.0,18135,7.95
984,155904,Hoshikuzu Kazoku,https://myanimelist.net/manga/155904/Hoshikuzu_Kazoku,Manga,2.0,Apr 2022 - Jan 2023,Apr 2022,Jan 2023,2022.0,3407,7.95
985,188470,Futari Bus,https://myanimelist.net/manga/188470/Futari_Bus,Manga,,Nov 2025 -,Nov 2025 -,,2025.0,5020,7.95
986,58,W-Juliet,https://myanimelist.net/manga/58/W-Juliet,Manga,14.0,Oct 1997 - Nov 2002,Oct 1997,Nov 2002,1997.0,10812,7.95
987,1250,Deep Love: Ayu no Monogatari,https://myanimelist.net/manga/1250/Deep_Love__Ayu_no_Monogatari,Manga,2.0,May 2004 - Sep 2004,May 2004,Sep 2004,2004.0,19774,7.95
988,3486,Shiki,https://myanimelist.net/manga/3486/Shiki,Manga,11.0,Dec 2007 - Jun 2011,Dec 2007,Jun 2011,2007.0,24024,7.95
989,11896,Reimei no Arcana,https://myanimelist.net/manga/11896/Reimei_no_Arcana,Manga,13.0,Jan 2009 - Jun 2013,Jan 2009,Jun 2013,2009.0,46664,7.95
990,16166,Ruler of the Land,https://myanimelist.net/manga/16166/Ruler_of_the_Land,Manhwa,,1995 -,1995 -,,1995.0,8950,7.95
991,16659,Tobaku Datenroku Kaiji: Kazuya-hen,https://myanimelist.net/manga/16659/Tobaku_Datenroku_Kaiji__Kazuya-hen,Manga,10.0,Jun 2009 - Feb 2012,Jun 2009,Feb 2012,2009.0,10183,7.95
992,17374,Himegimi to Sanbiki no Kemono,https://myanimelist.net/manga/17374/Himegimi_to_Sanbiki_no_Kemono,Manga,4.0,Feb 2009 - Mar 2011,Feb 2009,Mar 2011,2009.0,9263,7.95
993,19671,Angel Beats!: Heaven's Door,https://myanimelist.net/manga/19671/Angel_Beats__Heavens_Door,Manga,11.0,Mar 2010 - Oct 2016,Mar 2010,Oct 2016,2010.0,22042,7.95
994,21040,Comic Showa-shi,https://myanimelist.net/manga/21040/Comic_Showa-shi,Manga,8.0,Nov 1988 - Dec 1989,Nov 1988,Dec 1989,1988.0,3163,7.95
995,37705,Cheese in the Trap Season 1,https://myanimelist.net/manga/37705/Cheese_in_the_Trap_Season_1,Manhwa,6.0,Jul 2010 - May 2011,Jul 2010,May 2011,2010.0,28993,7.95
996,72353,Mahou Shoujo Ikusei Keikaku,https://myanimelist.net/manga/72353/Mahou_Shoujo_Ikusei_Keikaku,Light Novel,,Jun 2012 -,Jun 2012 -,,2012.0,5847,7.95
997,77573,Higurashi no Naku Koro ni Kai - Dai 2-wa: Tsumihoroboshi-hen,https://myanimelist.net/manga/77573/Higurashi_no_Naku_Koro_ni_Kai_-_Dai_2-wa__Tsumihoroboshi-hen,Light Novel,2.0,Jul 2008 - Aug 2008,Jul 2008,Aug 2008,2008.0,1246,7.95
998,98270,Fire Punch,https://myanimelist.net/manga/98270/Fire_Punch,Manga,8.0,Apr 2016 - Jan 2018,Apr 2016,Jan 2018,2016.0,230844,7.95
999,99177,4 Cut Hero,https://myanimelist.net/manga/99177/4_Cut_Hero,Manhwa,,Aug 2014 - Apr 2024,Aug 2014,Apr 2024,2014.0,16155,7.95
1000,109014,Kono Subarashii Sekai ni Shukufuku wo! Extra: Ano Orokamono ni mo Kyakkou wo!,https://myanimelist.net/manga/109014/Kono_Subarashii_Sekai_ni_Shukufuku_wo_Extra__Ano_Orokamono_ni_mo_Kyakkou_wo,Light Novel,7.0,Aug 2017 - May 2020,Aug 2017,May 2020,2017.0,4193,7.95
1001,118,Kobato.,https://myanimelist.net/manga/118/Kobato,Manga,6.0,Dec 2004 - Jul 2011,Dec 2004,Jul 2011,2004.0,23887,7.94
1002,124,Aqua,https://myanimelist.net/manga/124/Aqua,Manga,2.0,Jan 2001 - Sep 2001,Jan 2001,Sep 2001,2001.0,21472,7.94
1003,975,Ludwig Kakumei,https://myanimelist.net/manga/975/Ludwig_Kakumei,Manga,4.0,Nov 1998 - Jul 2007,Nov 1998,Jul 2007,1998.0,14122,7.94
1004,1023,Koukaku Kidoutai: The Ghost in the Shell,https://myanimelist.net/manga/1023/Koukaku_Kidoutai__The_Ghost_in_the_Shell,Manga,1.0,Mar 1989 - Sep 1991,Mar 1989,Sep 1991,1989.0,48538,7.94
1005,1496,Tenshi Nanka ja Nai,https://myanimelist.net/manga/1496/Tenshi_Nanka_ja_Nai,Manga,8.0,Sep 1991 - Nov 1994,Sep 1991,Nov 1994,1991.0,8127,7.94
1006,1721,Nabari no Ou,https://myanimelist.net/manga/1721/Nabari_no_Ou,Manga,14.0,May 2004 - Aug 2010,May 2004,Aug 2010,2004.0,24281,7.94
1007,3438,Psyren,https://myanimelist.net/manga/3438/Psyren,Manga,16.0,Dec 2007 - Nov 2010,Dec 2007,Nov 2010,2007.0,100439,7.94
1008,14064,½ Prince,https://myanimelist.net/manga/14064/½_Prince,Light Novel,9.0,Oct 2004 - Aug 2005,Oct 2004,Aug 2005,2004.0,7652,7.94
1009,22044,Iris Zero,https://myanimelist.net/manga/22044/Iris_Zero,Manga,,Apr 2009 -,Apr 2009 -,,2009.0,42109,7.94
1010,23942,Kimi ni Todoke,https://myanimelist.net/manga/23942/Kimi_ni_Todoke,Light Novel,16.0,Aug 2007 - Dec 2015,Aug 2007,Dec 2015,2007.0,4860,7.94
1011,30779,Tetsugaku Letra,https://myanimelist.net/manga/30779/Tetsugaku_Letra,Manga,6.0,Apr 2011 - Dec 2014,Apr 2011,Dec 2014,2011.0,19185,7.94
1012,42531,Senyuu.,https://myanimelist.net/manga/42531/Senyuu,Manga,2.0,May 2012 - Apr 2013,May 2012,Apr 2013,2012.0,6051,7.94
1013,47957,Ano Hi Mita Hana no Namae wo Bokutachi wa Mada Shiranai.,https://myanimelist.net/manga/47957/Ano_Hi_Mita_Hana_no_Namae_wo_Bokutachi_wa_Mada_Shiranai,Light Novel,2.0,Mar 2011 - Jul 2011,Mar 2011,Jul 2011,2011.0,3146,7.94
1014,52277,Sword Art Online: Progressive,https://myanimelist.net/manga/52277/Sword_Art_Online__Progressive,Manga,7.0,Jun 2013 - Feb 2018,Jun 2013,Feb 2018,2013.0,22718,7.94
1015,75989,Boku no Hero Academia,https://myanimelist.net/manga/75989/Boku_no_Hero_Academia,Manga,42.0,Jul 2014 - Aug 2024,Jul 2014,Aug 2024,2014.0,477409,7.94
1016,88991,Skill of Lure,https://myanimelist.net/manga/88991/Skill_of_Lure,Manhwa,7.0,Mar 2013 - Jan 2016,Mar 2013,Jan 2016,2013.0,22286,7.94
1017,109608,Goblin Slayer Gaiden: Year One,https://myanimelist.net/manga/109608/Goblin_Slayer_Gaiden__Year_One,Manga,,Sep 2017 -,Sep 2017 -,,2017.0,29366,7.94
1018,111202,Lookism,https://myanimelist.net/manga/111202/Lookism,Manhwa,,Nov 2014 -,Nov 2014 -,,2014.0,78205,7.94
1019,113937,Hokuou Kizoku to Moukinzuma no Yukiguni Karigurashi,https://myanimelist.net/manga/113937/Hokuou_Kizoku_to_Moukinzuma_no_Yukiguni_Karigurashi,Manga,10.0,Mar 2018 - Sep 2023,Mar 2018,Sep 2023,2018.0,7243,7.94
1020,115848,"Fuufu Ijou, Koibito Miman.",https://myanimelist.net/manga/115848/Fuufu_Ijou_Koibito_Miman,Manga,,Mar 2018 -,Mar 2018 -,,2018.0,72433,7.94
1021,142997,The Fable: The Second Contact,https://myanimelist.net/manga/142997/The_Fable__The_Second_Contact,Manga,9.0,Jul 2021 - Jul 2023,Jul 2021,Jul 2023,2021.0,11283,7.94
1022,144241,Nigoru Hitomi de Nani wo Negau: Highserk Senki,https://myanimelist.net/manga/144241/Nigoru_Hitomi_de_Nani_wo_Negau__Highserk_Senki,Manga,,Feb 2022 -,Feb 2022 -,,2022.0,12828,7.94
1023,145605,Unintentional Love Story,https://myanimelist.net/manga/145605/Unintentional_Love_Story,Manhwa,6.0,May 2018 - Sep 2020,May 2018,Sep 2020,2018.0,3409,7.94
1024,153193,Mystic Prince,https://myanimelist.net/manga/153193/Mystic_Prince,Manhwa,,Nov 2021 - Jan 2024,Nov 2021,Jan 2024,2021.0,2391,7.94
1025,158351,Koiseyo Mayakashi Tenshi-domo,https://myanimelist.net/manga/158351/Koiseyo_Mayakashi_Tenshi-domo,Manga,,Apr 2023 -,Apr 2023 -,,2023.0,12426,7.94
1026,188579,The House Without Time,https://myanimelist.net/manga/188579/The_House_Without_Time,Manhwa,,Aug 2020 - Jun 2026,Aug 2020,Jun 2026,2020.0,1688,7.94
1027,193028,Aching,https://myanimelist.net/manga/193028/Aching,Manhwa,,Apr 2026 -,Apr 2026 -,,2026.0,1712,7.94
1028,113992,Tenseisha no Watashi ni Idondekuru Mubou de Yuubou na Shoujo no Hanashi,https://myanimelist.net/manga/113992/Tenseisha_no_Watashi_ni_Idondekuru_Mubou_de_Yuubou_na_Shoujo_no_Hanashi,Light Novel,3.0,Nov 2017 - Nov 2018,Nov 2017,Nov 2018,2017.0,1711,7.93
1029,118873,Asper Kanojo,https://myanimelist.net/manga/118873/Asper_Kanojo,Manga,12.0,Mar 2018 - Jan 2021,Mar 2018,Jan 2021,2018.0,23642,7.93
1030,122830,Honzuki no Gekokujou: Shisho ni Naru Tame ni wa Shudan wo Erandeiraremasen Dai 2-bu - Hon no Tame nara Miko ni Naru!,https://myanimelist.net/manga/122830/Honzuki_no_Gekokujou__Shisho_ni_Naru_Tame_ni_wa_Shudan_wo_Erandeiraremasen_Dai_2-bu_-_Hon_no_Tame_nara_Miko_ni_Naru,Manga,13.0,Sep 2018 - Aug 2025,Sep 2018,Aug 2025,2018.0,8131,7.93
1031,123434,Honzuki no Gekokujou: Shisho ni Naru Tame ni wa Shudan wo Erandeiraremasen - Tanpenshuu,https://myanimelist.net/manga/123434/Honzuki_no_Gekokujou__Shisho_ni_Naru_Tame_ni_wa_Shudan_wo_Erandeiraremasen_-_Tanpenshuu,Light Novel,,Oct 2019 -,Oct 2019 -,,2019.0,1252,7.93
1032,124471,Moon You,https://myanimelist.net/manga/124471/Moon_You,Manhwa,4.0,Jun 2016 - Sep 2017,Jun 2016,Sep 2017,2016.0,2556,7.93
1033,134678,A Business Proposal,https://myanimelist.net/manga/134678/A_Business_Proposal,Manhwa,10.0,Sep 2018 - Jul 2022,Sep 2018,Jul 2022,2018.0,14587,7.93
1034,147172,Doom Breaker,https://myanimelist.net/manga/147172/Doom_Breaker,Manhwa,,Jun 2021 -,Jun 2021 -,,2021.0,37943,7.93
1035,147502,My Reason to Die,https://myanimelist.net/manga/147502/My_Reason_to_Die,Manhwa,7.0,Dec 2021 - Sep 2023,Dec 2021,Sep 2023,2021.0,8762,7.93
1036,147577,Return of the Mad Demon,https://myanimelist.net/manga/147577/Return_of_the_Mad_Demon,Manhwa,,Jul 2021 -,Jul 2021 -,,2021.0,24575,7.93
1037,151053,Barbarian Quest,https://myanimelist.net/manga/151053/Barbarian_Quest,Manhwa,,Apr 2022 - Mar 2024,Apr 2022,Mar 2024,2022.0,9667,7.93
1038,152405,Dungeon Odyssey,https://myanimelist.net/manga/152405/Dungeon_Odyssey,Manhwa,,Sep 2022 -,Sep 2022 -,,2022.0,19506,7.93
1039,154063,The Perks of Being a Villainess,https://myanimelist.net/manga/154063/The_Perks_of_Being_a_Villainess,Manhwa,,Nov 2022 -,Nov 2022 -,,2022.0,13647,7.93
1040,155890,To Be an Actor,https://myanimelist.net/manga/155890/To_Be_an_Actor,Manhwa,,Sep 2022 - Sep 2025,Sep 2022,Sep 2025,2022.0,5523,7.93
1041,174331,The Count's Secret Maid,https://myanimelist.net/manga/174331/The_Counts_Secret_Maid,Manhwa,,Sep 2024 -,Sep 2024 -,,2024.0,3960,7.93
1042,180133,Footsteps in the Snow,https://myanimelist.net/manga/180133/Footsteps_in_the_Snow,Manhwa,1.0,Feb 2025 - Apr 2025,Feb 2025,Apr 2025,2025.0,782,7.93
1043,12,Bleach,https://myanimelist.net/manga/12/Bleach,Manga,74.0,Aug 2001 - Aug 2016,Aug 2001,Aug 2016,2001.0,432044,7.93
1044,514,Saver,https://myanimelist.net/manga/514/Saver,Manhwa,17.0,2002 - 2010,2002,2010,2002.0,7638,7.93
1045,557,Trinity Blood: Rage Against the Moons,https://myanimelist.net/manga/557/Trinity_Blood__Rage_Against_the_Moons,Light Novel,6.0,Mar 2001 - Dec 2004,Mar 2001,Dec 2004,2001.0,5322,7.93
1046,563,V.B. Rose,https://myanimelist.net/manga/563/VB_Rose,Manga,14.0,Aug 2004 - May 2009,Aug 2004,May 2009,2004.0,6865,7.93
1047,1408,The World Is Mine,https://myanimelist.net/manga/1408/The_World_Is_Mine,Manga,14.0,Jan 1997 - Mar 2001,Jan 1997,Mar 2001,1997.0,21115,7.93
1048,1683,Kubikiri Asa,https://myanimelist.net/manga/1683/Kubikiri_Asa,Manga,10.0,1972 - 1976,1972,1976,1972.0,8294,7.93
1049,1766,Marie no Kanaderu Ongaku,https://myanimelist.net/manga/1766/Marie_no_Kanaderu_Ongaku,Manga,2.0,Dec 1999 - Sep 2001,Dec 1999,Sep 2001,1999.0,16207,7.93
1050,3633,Beast Master,https://myanimelist.net/manga/3633/Beast_Master,Manga,2.0,Sep 2006 - Feb 2007,Sep 2006,Feb 2007,2006.0,63147,7.93
1051,3872,Kiss yori mo Hayaku,https://myanimelist.net/manga/3872/Kiss_yori_mo_Hayaku,Manga,12.0,Jan 2007 - Jun 2012,Jan 2007,Jun 2012,2007.0,41788,7.93
1052,3941,Clannad: Tomoyo After,https://myanimelist.net/manga/3941/Clannad__Tomoyo_After,Manga,1.0,Apr 2007 - Oct 2007,Apr 2007,Oct 2007,2007.0,8552,7.93
1053,4584,Sasameki Koto,https://myanimelist.net/manga/4584/Sasameki_Koto,Manga,9.0,Jan 2007 - Sep 2011,Jan 2007,Sep 2011,2007.0,25056,7.93
1054,20777,Ouran Koukou Host Club,https://myanimelist.net/manga/20777/Ouran_Koukou_Host_Club,Light Novel,2.0,Apr 2008 - Sep 2009,Apr 2008,Sep 2009,2008.0,3705,7.93
1055,21784,Dai Densetsu no Yuusha no Densetsu,https://myanimelist.net/manga/21784/Dai_Densetsu_no_Yuusha_no_Densetsu,Light Novel,18.0,Oct 2007 - May 2025,Oct 2007,May 2025,2007.0,3482,7.93
1056,41847,Soredemo Sekai wa Utsukushii,https://myanimelist.net/manga/41847/Soredemo_Sekai_wa_Utsukushii,Manga,25.0,Mar 2009 - May 2020,Mar 2009,May 2020,2009.0,26139,7.93
1057,61583,Hellper,https://myanimelist.net/manga/61583/Hellper,Manhwa,18.0,Oct 2011 - Jun 2015,Oct 2011,Jun 2015,2011.0,16510,7.93
1058,62509,New Game!,https://myanimelist.net/manga/62509/New_Game,Manga,13.0,Jan 2013 - Aug 2021,Jan 2013,Aug 2021,2013.0,25003,7.93
1059,91156,Battle Studies,https://myanimelist.net/manga/91156/Battle_Studies,Manga,,Jan 2015 -,Jan 2015 -,,2015.0,1886,7.93
1060,92182,Seishun Buta Yarou wa Bunny Girl Senpai no Yume wo Minai,https://myanimelist.net/manga/92182/Seishun_Buta_Yarou_wa_Bunny_Girl_Senpai_no_Yume_wo_Minai,Manga,2.0,Nov 2015 - Aug 2018,Nov 2015,Aug 2018,2015.0,28998,7.93
1061,108032,My Home Hero,https://myanimelist.net/manga/108032/My_Home_Hero,Manga,26.0,May 2017 - Jul 2024,May 2017,Jul 2024,2017.0,35199,7.93
1062,108529,Angel Beats!: The Last Operation,https://myanimelist.net/manga/108529/Angel_Beats__The_Last_Operation,Manga,,Aug 2017 -,Aug 2017 -,,2017.0,3618,7.93
1063,15,Mahou Sensei Negima!,https://myanimelist.net/manga/15/Mahou_Sensei_Negima,Manga,38.0,Feb 2003 - Mar 2012,Feb 2003,Mar 2012,2003.0,77996,7.92
1064,744,Mahoraba,https://myanimelist.net/manga/744/Mahoraba,Manga,12.0,Jul 2001 - Jul 2006,Jul 2001,Jul 2006,2001.0,7188,7.92
1065,877,Hana yori Dango,https://myanimelist.net/manga/877/Hana_yori_Dango,Manga,37.0,Oct 1992 - Apr 2008,Oct 1992,Apr 2008,1992.0,27709,7.92
1066,1360,Vampire Hunter D,https://myanimelist.net/manga/1360/Vampire_Hunter_D,Light Novel,,1983 -,1983 -,,1983.0,6975,7.92
1067,6997,Clannad: Hikaru Mimamoru Sakamichi de,https://myanimelist.net/manga/6997/Clannad__Hikaru_Mimamoru_Sakamichi_de,Manga,2.0,Jul 2007 - Aug 2008,Jul 2007,Aug 2008,2007.0,4067,7.92
1068,8158,L Change the WorLd,https://myanimelist.net/manga/8158/L_Change_the_WorLd,Light Novel,1.0,Dec 2007 - Dec 2007,Dec 2007,Dec 2007,2007.0,22803,7.92
1069,14127,Satougashi no Dangan wa Uchinukenai: A Lollypop or A Bullet,https://myanimelist.net/manga/14127/Satougashi_no_Dangan_wa_Uchinukenai__A_Lollypop_or_A_Bullet,Manga,2.0,Jan 2007 - Jan 2008,Jan 2007,Jan 2008,2007.0,19486,7.92
1070,31651,Toaru Majutsu no Index SS,https://myanimelist.net/manga/31651/Toaru_Majutsu_no_Index_SS,Light Novel,2.0,Jul 2007 - Nov 2008,Jul 2007,Nov 2008,2007.0,5055,7.92
1071,44167,Gekkou,https://myanimelist.net/manga/44167/Gekkou,Light Novel,1.0,Sep 2010 - Sep 2010,Sep 2010,Sep 2010,2010.0,16269,7.92
1072,67645,Namaikizakari.,https://myanimelist.net/manga/67645/Namaikizakari,Manga,23.0,Oct 2013 - Dec 2021,Oct 2013,Dec 2021,2013.0,83685,7.92
1073,85802,Ookami Shounen wa Kyou mo Uso wo Kasaneru,https://myanimelist.net/manga/85802/Ookami_Shounen_wa_Kyou_mo_Uso_wo_Kasaneru,Manga,5.0,Aug 2014 - Dec 2017,Aug 2014,Dec 2017,2014.0,41695,7.92
1074,87375,High School DxD DX,https://myanimelist.net/manga/87375/High_School_DxD_DX,Light Novel,,Sep 2011 -,Sep 2011 -,,2011.0,3234,7.92
1075,101851,Akebi-chan no Sailor-fuku,https://myanimelist.net/manga/101851/Akebi-chan_no_Sailor-fuku,Manga,,Aug 2016 -,Aug 2016 -,,2016.0,16267,7.92
1076,115217,Fukakai na Boku no Subete wo,https://myanimelist.net/manga/115217/Fukakai_na_Boku_no_Subete_wo,Manga,5.0,Jun 2018 - Mar 2021,Jun 2018,Mar 2021,2018.0,22468,7.92
1077,115365,Kimi to Natsu no Naka,https://myanimelist.net/manga/115365/Kimi_to_Natsu_no_Naka,Manga,2.0,Aug 2018 - Jun 2022,Aug 2018,Jun 2022,2018.0,10765,7.92
1078,116557,Otome Game Sekai wa Mob ni Kibishii Sekai desu,https://myanimelist.net/manga/116557/Otome_Game_Sekai_wa_Mob_ni_Kibishii_Sekai_desu,Light Novel,13.0,May 2018 - Mar 2024,May 2018,Mar 2024,2018.0,11450,7.92
1079,127114,One Piece Novel: A,https://myanimelist.net/manga/127114/One_Piece_Novel__A,Light Novel,2.0,Jul 2017 - Jun 2018,Jul 2017,Jun 2018,2017.0,6172,7.92
1080,128185,Rebuild World,https://myanimelist.net/manga/128185/Rebuild_World,Light Novel,,May 2019 -,May 2019 -,,2019.0,2251,7.92
1081,131703,Jinrui wo Metsubou sasete wa Ikemasen,https://myanimelist.net/manga/131703/Jinrui_wo_Metsubou_sasete_wa_Ikemasen,Manga,4.0,Sep 2020 - Feb 2022,Sep 2020,Feb 2022,2020.0,5541,7.92
1082,133988,Seishun Buta Yarou wa Logical Witch no Yume wo Minai,https://myanimelist.net/manga/133988/Seishun_Buta_Yarou_wa_Logical_Witch_no_Yume_wo_Minai,Manga,2.0,Aug 2020 - May 2022,Aug 2020,May 2022,2020.0,4363,7.92
1083,136660,Spy x Family: Kazoku no Shouzou,https://myanimelist.net/manga/136660/Spy_x_Family__Kazoku_no_Shouzou,Light Novel,1.0,Jul 2021 - Jul 2021,Jul 2021,Jul 2021,2021.0,5100,7.92
1084,179087,As the Heart Leads,https://myanimelist.net/manga/179087/As_the_Heart_Leads,Manhwa,,Aug 2024 -,Aug 2024 -,,2024.0,1834,7.92
1085,184907,Getting to Know Grace,https://myanimelist.net/manga/184907/Getting_to_Know_Grace,Manhwa,,Jan 2019 - Apr 2020,Jan 2019,Apr 2020,2019.0,1269,7.92
1086,190560,Fog Land,https://myanimelist.net/manga/190560/Fog_Land,Manhwa,,Sep 2025 -,Sep 2025 -,,2025.0,3334,7.92
1087,120455,Quanzhi Gaoshou,https://myanimelist.net/manga/120455/Quanzhi_Gaoshou,Novel,24.0,Mar 2012 - Jun 2016,Mar 2012,Jun 2016,2012.0,1367,7.91
1088,121544,Ousama Ranking,https://myanimelist.net/manga/121544/Ousama_Ranking,Manga,,Feb 2019 -,Feb 2019 -,,2019.0,12761,7.91
1089,122615,Cool Doji Danshi,https://myanimelist.net/manga/122615/Cool_Doji_Danshi,Manga,,Jun 2019 -,Jun 2019 -,,2019.0,9636,7.91
1090,122851,Honzuki no Gekokujou: Shisho ni Naru Tame ni wa Shudan wo Erandeiraremasen Dai 3-bu - Ryouchi ni Hon wo Hirogeyou!,https://myanimelist.net/manga/122851/Honzuki_no_Gekokujou__Shisho_ni_Naru_Tame_ni_wa_Shudan_wo_Erandeiraremasen_Dai_3-bu_-_Ryouchi_ni_Hon_wo_Hirogeyou,Manga,,Apr 2018 -,Apr 2018 -,,2018.0,5127,7.91
1091,131843,Unholy Blood,https://myanimelist.net/manga/131843/Unholy_Blood,Manhwa,8.0,Jan 2020 - Sep 2021,Jan 2020,Sep 2021,2020.0,29229,7.91
1092,139164,Viral Hit,https://myanimelist.net/manga/139164/Viral_Hit,Manhwa,,Nov 2019 - Jan 2024,Nov 2019,Jan 2024,2019.0,35801,7.91
1093,142246,Youkoso Jitsuryoku Shijou Shugi no Kyoushitsu e: 2-nensei-hen,https://myanimelist.net/manga/142246/Youkoso_Jitsuryoku_Shijou_Shugi_no_Kyoushitsu_e__2-nensei-hen,Manga,4.0,Dec 2021 - Dec 2024,Dec 2021,Dec 2024,2021.0,4900,7.91
1094,146517,Toumei na Ai no Utsuwa,https://myanimelist.net/manga/146517/Toumei_na_Ai_no_Utsuwa,Manga,1.0,Oct 2020 - Feb 2022,Oct 2020,Feb 2022,2020.0,1532,7.91
1095,149578,The Perks of Being an S-Class Heroine,https://myanimelist.net/manga/149578/The_Perks_of_Being_an_S-Class_Heroine,Manhwa,,Mar 2022 -,Mar 2022 -,,2022.0,11735,7.91
1096,149871,Player,https://myanimelist.net/manga/149871/Player,Manhwa,,May 2020 - Jun 2026,May 2020,Jun 2026,2020.0,17892,7.91
1097,165770,Tonari no Neko to Koi Shirazu,https://myanimelist.net/manga/165770/Tonari_no_Neko_to_Koi_Shirazu,Manga,,Mar 2024 -,Mar 2024 -,,2024.0,18288,7.91
1098,173944,Madan no Ichi,https://myanimelist.net/manga/173944/Madan_no_Ichi,Manga,,Sep 2024 -,Sep 2024 -,,2024.0,40003,7.91
1099,55,Aishiteruze Baby★★,https://myanimelist.net/manga/55/Aishiteruze_Baby★★,Manga,7.0,Mar 2002 - Dec 2004,Mar 2002,Dec 2004,2002.0,23594,7.91
1100,411,Kitchen no Ohimesama,https://myanimelist.net/manga/411/Kitchen_no_Ohimesama,Manga,10.0,Aug 2004 - Sep 2008,Aug 2004,Sep 2008,2004.0,26364,7.91
1101,616,Mx0,https://myanimelist.net/manga/616/Mx0,Manga,10.0,May 2006 - May 2008,May 2006,May 2008,2006.0,44993,7.91
1102,773,Saishuu Heiki Kanojo,https://myanimelist.net/manga/773/Saishuu_Heiki_Kanojo,Manga,7.0,Dec 1999 - Oct 2001,Dec 1999,Oct 2001,1999.0,19740,7.91
1103,1349,07-Ghost,https://myanimelist.net/manga/1349/07-Ghost,Manga,17.0,Apr 2005 - Aug 2013,Apr 2005,Aug 2013,2005.0,36274,7.91
1104,1456,Shi ga Futari wo Wakatsu made,https://myanimelist.net/manga/1456/Shi_ga_Futari_wo_Wakatsu_made,Manga,26.0,Jun 2005 - Nov 2015,Jun 2005,Nov 2015,2005.0,31971,7.91
1105,1895,Mademoiselle Butterfly,https://myanimelist.net/manga/1895/Mademoiselle_Butterfly,Manga,2.0,Dec 2001 - Aug 2006,Dec 2001,Aug 2006,2001.0,9295,7.91
1106,3986,Deadman Wonderland,https://myanimelist.net/manga/3986/Deadman_Wonderland,Manga,13.0,Apr 2007 - Jul 2013,Apr 2007,Jul 2013,2007.0,214594,7.91
1107,4964,Eien no With,https://myanimelist.net/manga/4964/Eien_no_With,Manga,1.0,2003 - 2003,2003,2003,2003.0,6571,7.91
1108,5490,Seikai no Monshou,https://myanimelist.net/manga/5490/Seikai_no_Monshou,Light Novel,3.0,Apr 1996 - Jun 1996,Apr 1996,Jun 1996,1996.0,2161,7.91
1109,17706,Super Lovers,https://myanimelist.net/manga/17706/Super_Lovers,Manga,,Oct 2009 -,Oct 2009 -,,2009.0,24185,7.91
1110,23032,Kami nomi zo Shiru Sekai,https://myanimelist.net/manga/23032/Kami_nomi_zo_Shiru_Sekai,Light Novel,2.0,May 2009 - May 2010,May 2009,May 2010,2009.0,4584,7.91
1111,23419,Byousoku 5 Centimeter,https://myanimelist.net/manga/23419/Byousoku_5_Centimeter,Manga,2.0,May 2010 - Mar 2011,May 2010,Mar 2011,2010.0,34113,7.91
1112,24821,Tomodachi no Hanashi,https://myanimelist.net/manga/24821/Tomodachi_no_Hanashi,Manga,1.0,Mar 2009 - Sep 2010,Mar 2009,Sep 2010,2009.0,16286,7.91
1113,34553,Seireitsukai no Blade Dance,https://myanimelist.net/manga/34553/Seireitsukai_no_Blade_Dance,Light Novel,20.0,Dec 2010 - Mar 2019,Dec 2010,Mar 2019,2010.0,8855,7.91
1114,39625,Kagerou Daze,https://myanimelist.net/manga/39625/Kagerou_Daze,Manga,13.0,Jun 2012 - Feb 2019,Jun 2012,Feb 2019,2012.0,42415,7.91
1115,40481,Oomuro-ke,https://myanimelist.net/manga/40481/Oomuro-ke,Manga,,Jul 2012 -,Jul 2012 -,,2012.0,5704,7.91
1116,50117,Kyoukai no Kanata,https://myanimelist.net/manga/50117/Kyoukai_no_Kanata,Light Novel,3.0,Jun 2012 - Oct 2013,Jun 2012,Oct 2013,2012.0,7930,7.91
1117,67617,Tate no Yuusha no Nariagari,https://myanimelist.net/manga/67617/Tate_no_Yuusha_no_Nariagari,Light Novel,,Aug 2013 -,Aug 2013 -,,2013.0,48599,7.91
1118,87813,Takane to Hana,https://myanimelist.net/manga/87813/Takane_to_Hana,Manga,18.0,Jun 2014 - Jul 2020,Jun 2014,Jul 2020,2014.0,31796,7.91
1119,107570,Sengoku Komachi Kuroutan: Noukou Giga,https://myanimelist.net/manga/107570/Sengoku_Komachi_Kuroutan__Noukou_Giga,Manga,,May 2017 -,May 2017 -,,2017.0,9067,7.91
1120,356,Hatenkou Yuugi,https://myanimelist.net/manga/356/Hatenkou_Yuugi,Manga,24.0,Nov 1999 - Jul 2022,Nov 1999,Jul 2022,1999.0,7639,7.9
1121,371,Ichigo Mashimaro,https://myanimelist.net/manga/371/Ichigo_Mashimaro,Manga,,Feb 2002 -,Feb 2002 -,,2002.0,9267,7.9
1122,448,Tenshi Kinryouku,https://myanimelist.net/manga/448/Tenshi_Kinryouku,Manga,20.0,Jul 1994 - Oct 2000,Jul 1994,Oct 2000,1994.0,28388,7.9
1123,955,.hack//AI Buster,https://myanimelist.net/manga/955/hack__AI_Buster,Light Novel,2.0,Oct 2002 - Jun 2005,Oct 2002,Jun 2005,2002.0,4386,7.9
1124,1271,Special A,https://myanimelist.net/manga/1271/Special_A,Manga,17.0,Feb 2003 - Mar 2009,Feb 2003,Mar 2009,2003.0,44460,7.9
1125,1978,Moe Kare!!,https://myanimelist.net/manga/1978/Moe_Kare,Manga,7.0,Jul 2005 - Sep 2006,Jul 2005,Sep 2006,2005.0,25435,7.9
1126,3074,Shakugan no Shana,https://myanimelist.net/manga/3074/Shakugan_no_Shana,Light Novel,22.0,Nov 2002 - Oct 2011,Nov 2002,Oct 2011,2002.0,8852,7.9
1127,3576,Tobaku Haouden Zero,https://myanimelist.net/manga/3576/Tobaku_Haouden_Zero,Manga,8.0,Sep 2007 - Feb 2009,Sep 2007,Feb 2009,2007.0,7265,7.9
1128,4470,Shitsuji-sama no Okiniiri,https://myanimelist.net/manga/4470/Shitsuji-sama_no_Okiniiri,Manga,21.0,Nov 2006 - May 2015,Nov 2006,May 2015,2006.0,12337,7.9
1129,6888,Subaru,https://myanimelist.net/manga/6888/Subaru,Manga,11.0,Dec 1999 - Nov 2002,Dec 1999,Nov 2002,1999.0,6821,7.9
1130,7747,Ushio to Tora,https://myanimelist.net/manga/7747/Ushio_to_Tora,Manga,33.0,Feb 1990 - Oct 1996,Feb 1990,Oct 1996,1990.0,10424,7.9
1131,8876,Slayers,https://myanimelist.net/manga/8876/Slayers,Light Novel,,Jan 1990 -,Jan 1990 -,,1990.0,4869,7.9
1132,13419,Gekiga Hyouryuu,https://myanimelist.net/manga/13419/Gekiga_Hyouryuu,Manga,2.0,Nov 2008 - Dec 2008,Nov 2008,Dec 2008,2008.0,8468,7.9
1133,15205,Zetsuen no Tempest,https://myanimelist.net/manga/15205/Zetsuen_no_Tempest,Manga,10.0,Jul 2009 - Oct 2013,Jul 2009,Oct 2013,2009.0,23175,7.9
1134,21651,Hitori-tachi,https://myanimelist.net/manga/21651/Hitori-tachi,Manga,1.0,Sep 2010 - Sep 2010,Sep 2010,Sep 2010,2010.0,5156,7.9
1135,37683,Kidou Senshi Gundam Thunderbolt,https://myanimelist.net/manga/37683/Kidou_Senshi_Gundam_Thunderbolt,Manga,27.0,Mar 2012 - Sep 2025,Mar 2012,Sep 2025,2012.0,4218,7.9
1136,46258,Flying Witch,https://myanimelist.net/manga/46258/Flying_Witch,Manga,,Aug 2012 -,Aug 2012 -,,2012.0,20731,7.9
1137,50003,The Stories of Those Around Me,https://myanimelist.net/manga/50003/The_Stories_of_Those_Around_Me,Manhwa,4.0,Apr 2012 - Jun 2013,Apr 2012,Jun 2013,2012.0,6030,7.9
1138,83257,The Last: Naruto the Movie,https://myanimelist.net/manga/83257/The_Last__Naruto_the_Movie,Light Novel,1.0,Dec 2014 - Dec 2014,Dec 2014,Dec 2014,2014.0,4536,7.9
1139,90334,Queen's Quality,https://myanimelist.net/manga/90334/Queens_Quality,Manga,25.0,Jul 2015 - Apr 2025,Jul 2015,Apr 2025,2015.0,14184,7.9
1140,93416,Youkai Gakkou no Sensei Hajimemashita!,https://myanimelist.net/manga/93416/Youkai_Gakkou_no_Sensei_Hajimemashita,Manga,,Nov 2014 -,Nov 2014 -,,2014.0,7913,7.9
1141,94676,Namidaame to Serenade,https://myanimelist.net/manga/94676/Namidaame_to_Serenade,Manga,14.0,Nov 2014 - Nov 2025,Nov 2014,Nov 2025,2014.0,8320,7.9
1142,103851,5-toubun no Hanayome,https://myanimelist.net/manga/103851/5-toubun_no_Hanayome,Manga,14.0,Aug 2017 - Feb 2020,Aug 2017,Feb 2020,2017.0,179813,7.9
1143,120481,Kimi ni wa Todokanai.,https://myanimelist.net/manga/120481/Kimi_ni_wa_Todokanai,Manga,,Nov 2018 -,Nov 2018 -,,2018.0,8947,7.9
1144,122448,Kubo-san wa Mob wo Yurusanai,https://myanimelist.net/manga/122448/Kubo-san_wa_Mob_wo_Yurusanai,Manga,12.0,Oct 2019 - Mar 2023,Oct 2019,Mar 2023,2019.0,80181,7.9
1145,127120,Wondance,https://myanimelist.net/manga/127120/Wondance,Manga,,Jan 2019 -,Jan 2019 -,,2019.0,14895,7.9
1146,131892,Disney Twisted-Wonderland Anthology Comic,https://myanimelist.net/manga/131892/Disney_Twisted-Wonderland_Anthology_Comic,Manga,2.0,Nov 2020 - Apr 2021,Nov 2020,Apr 2021,2020.0,2189,7.9
1147,149146,Park Hanhoo's Manager,https://myanimelist.net/manga/149146/Park_Hanhoos_Manager,Manhwa,,Nov 2020 - Dec 2021,Nov 2020,Dec 2021,2020.0,2153,7.9
1148,149161,The Villainess Flips the Script!,https://myanimelist.net/manga/149161/The_Villainess_Flips_the_Script,Manhwa,,Apr 2021 - Jan 2026,Apr 2021,Jan 2026,2021.0,12108,7.9
1149,111857,Hana ni Arashi,https://myanimelist.net/manga/111857/Hana_ni_Arashi,Manga,13.0,Nov 2017 - Aug 2023,Nov 2017,Aug 2023,2017.0,15940,7.89
1150,114754,Yuusha Goikkou no Kaerimichi,https://myanimelist.net/manga/114754/Yuusha_Goikkou_no_Kaerimichi,One-shot,,Aug 2018 - Aug 2018,Aug 2018,Aug 2018,2018.0,15780,7.89
1151,115958,Persona 5: Mementos Mission,https://myanimelist.net/manga/115958/Persona_5__Mementos_Mission,Manga,3.0,Oct 2018 - Jun 2020,Oct 2018,Jun 2020,2018.0,4257,7.89
1152,117241,Fate/Grand Order: Epic of Remnant - Ashu Tokuiten III/Ashu Heikou Sekai - Shizan Ketsuga Butai Shimousa no Kuni - Eirei Kengou Nanaban Shoubu,https://myanimelist.net/manga/117241/Fate_Grand_Order__Epic_of_Remnant_-_Ashu_Tokuiten_III_Ashu_Heikou_Sekai_-_Shizan_Ketsuga_Butai_Shimousa_no_Kuni_-_Eirei_Kengou_Nanaban_Shoubu,Manga,,Jan 2019 -,Jan 2019 -,,2019.0,2942,7.89
1153,121945,Maou no Musume wa Yasashisugiru!!,https://myanimelist.net/manga/121945/Maou_no_Musume_wa_Yasashisugiru,Manga,7.0,May 2018 - Nov 2025,May 2018,Nov 2025,2018.0,12750,7.89
1154,123270,Lonely Girl ni Sakaraenai,https://myanimelist.net/manga/123270/Lonely_Girl_ni_Sakaraenai,Manga,6.0,Oct 2019 - Oct 2022,Oct 2019,Oct 2022,2019.0,27636,7.89
1155,127366,Restart wa Tadaima no Ato de,https://myanimelist.net/manga/127366/Restart_wa_Tadaima_no_Ato_de,Manga,1.0,Dec 2016 - Aug 2018,Dec 2016,Aug 2018,2016.0,7635,7.89
1156,134812,Honzuki no Gekokujou: Shisho ni Naru Tame ni wa Shudan wo Erandeiraremasen Dai 4-bu - Kizokuin no Toshokan wo Sukuitai!,https://myanimelist.net/manga/134812/Honzuki_no_Gekokujou__Shisho_ni_Naru_Tame_ni_wa_Shudan_wo_Erandeiraremasen_Dai_4-bu_-_Kizokuin_no_Toshokan_wo_Sukuitai,Manga,,Dec 2020 -,Dec 2020 -,,2020.0,2377,7.89
1157,137041,Dekiru Neko wa Kyou mo Yuuutsu,https://myanimelist.net/manga/137041/Dekiru_Neko_wa_Kyou_mo_Yuuutsu,Manga,,Aug 2018 -,Aug 2018 -,,2018.0,4958,7.89
1158,140111,Tiger Coming In,https://myanimelist.net/manga/140111/Tiger_Coming_In,Manhwa,,Oct 2020 - Dec 2023,Oct 2020,Dec 2023,2020.0,1474,7.89
1159,141278,"Tensei shite High Elf ni Narimashita ga, Slow Life wa 120-nen de Akimashita",https://myanimelist.net/manga/141278/Tensei_shite_High_Elf_ni_Narimashita_ga_Slow_Life_wa_120-nen_de_Akimashita,Manga,,Jun 2021 -,Jun 2021 -,,2021.0,9053,7.89
1160,142629,Exorcist wo Otosenai,https://myanimelist.net/manga/142629/Exorcist_wo_Otosenai,Manga,,Dec 2021 -,Dec 2021 -,,2021.0,21673,7.89
1161,162807,Maru Is a Puppy,https://myanimelist.net/manga/162807/Maru_Is_a_Puppy,Manhwa,9.0,Jun 2022 - Sep 2024,Jun 2022,Sep 2024,2022.0,464,7.89
1162,166626,Majo to Youhei,https://myanimelist.net/manga/166626/Majo_to_Youhei,Manga,,Jan 2024 -,Jan 2024 -,,2024.0,7600,7.89
1163,170364,Legend of Dangun,https://myanimelist.net/manga/170364/Legend_of_Dangun,Manhwa,,Jan 2024 -,Jan 2024 -,,2024.0,3642,7.89
1164,1267,Kagen no Tsuki,https://myanimelist.net/manga/1267/Kagen_no_Tsuki,Manga,3.0,1998 - 1999,1998,1999,1998.0,16653,7.89
1165,2598,Clannad,https://myanimelist.net/manga/2598/Clannad,Manga,8.0,May 2005 - Apr 2009,May 2005,Apr 2009,2005.0,12634,7.89
1166,5310,One Thousand and One Nights,https://myanimelist.net/manga/5310/One_Thousand_and_One_Nights,Manhwa,11.0,2004 - 2007,2004,2007,2004.0,4043,7.89
1167,5685,Hakkenden: Touhou Hakken Ibun,https://myanimelist.net/manga/5685/Hakkenden__Touhou_Hakken_Ibun,Manga,24.0,Jun 2005 - Aug 2024,Jun 2005,Aug 2024,2005.0,4842,7.89
1168,8483,Kimi no Iru Machi,https://myanimelist.net/manga/8483/Kimi_no_Iru_Machi,Manga,27.0,May 2008 - Feb 2014,May 2008,Feb 2014,2008.0,73649,7.89
1169,9152,Thomas no Shinzou,https://myanimelist.net/manga/9152/Thomas_no_Shinzou,Manga,3.0,May 1974 - Nov 1974,May 1974,Nov 1974,1974.0,6875,7.89
1170,10580,Persona 4,https://myanimelist.net/manga/10580/Persona_4,Manga,13.0,Sep 2008 - Mar 2019,Sep 2008,Mar 2019,2008.0,11054,7.89
1171,10685,Yongbi Bulpae,https://myanimelist.net/manga/10685/Yongbi_Bulpae,Manhwa,23.0,1998 - 2002,1998,2002,1998.0,7104,7.89
1172,11454,Doraemon Plus,https://myanimelist.net/manga/11454/Doraemon_Plus,Manga,6.0,1970 - 1990,1970,1990,1970.0,2614,7.89
1173,24450,Kiba no Tabishounin: The Arms Peddler,https://myanimelist.net/manga/24450/Kiba_no_Tabishounin__The_Arms_Peddler,Manga,7.0,May 2010 - Feb 2017,May 2010,Feb 2017,2010.0,11996,7.89
1174,24562,Jinrui wa Suitai Shimashita,https://myanimelist.net/manga/24562/Jinrui_wa_Suitai_Shimashita,Light Novel,9.0,May 2007 - Jun 2014,May 2007,Jun 2014,2007.0,2822,7.89
1175,29699,Another,https://myanimelist.net/manga/29699/Another,Novel,1.0,Oct 2009 - Oct 2009,Oct 2009,Oct 2009,2009.0,14779,7.89
1176,43975,My Kitty and Old Dog,https://myanimelist.net/manga/43975/My_Kitty_and_Old_Dog,Manhwa,3.0,Apr 2011 - Jan 2013,Apr 2011,Jan 2013,2011.0,3184,7.89
1177,45757,Shokugeki no Souma,https://myanimelist.net/manga/45757/Shokugeki_no_Souma,Manga,36.0,Nov 2012 - Aug 2019,Nov 2012,Aug 2019,2012.0,185761,7.89
1178,60511,Sousei no Onmyouji,https://myanimelist.net/manga/60511/Sousei_no_Onmyouji,Manga,35.0,Nov 2013 - Sep 2024,Nov 2013,Sep 2024,2013.0,58431,7.89
1179,462,Shin Petshop of Horrors,https://myanimelist.net/manga/462/Shin_Petshop_of_Horrors,Manga,12.0,Apr 2004 - Nov 2012,Apr 2004,Nov 2012,2004.0,7685,7.88
1180,676,InuYasha,https://myanimelist.net/manga/676/InuYasha,Manga,56.0,Nov 1996 - Jun 2008,Nov 1996,Jun 2008,1996.0,72410,7.88
1181,820,Tenshi ja Nai!!,https://myanimelist.net/manga/820/Tenshi_ja_Nai,Manga,8.0,Feb 2003 - May 2006,Feb 2003,May 2006,2003.0,9058,7.88
1182,892,Sono Yubi dake ga Shitteiru,https://myanimelist.net/manga/892/Sono_Yubi_dake_ga_Shitteiru,Manga,1.0,Nov 2002 - Nov 2002,Nov 2002,Nov 2002,2002.0,7200,7.88
1183,1158,"Densha Otoko: Net Hatsu, Kakueki Teisha no Love Story",https://myanimelist.net/manga/1158/Densha_Otoko__Net_Hatsu_Kakueki_Teisha_no_Love_Story,Manga,3.0,Jan 2005 - Sep 2005,Jan 2005,Sep 2005,2005.0,11685,7.88
1184,4623,Hyakki Yakoushou,https://myanimelist.net/manga/4623/Hyakki_Yakoushou,Manga,,1995 -,1995 -,,1995.0,4353,7.88
1185,7024,Kouya no Tenshidomo,https://myanimelist.net/manga/7024/Kouya_no_Tenshidomo,Manga,3.0,Mar 1983 - Jun 1984,Mar 1983,Jun 1984,1983.0,2820,7.88
1186,7656,Saijou no Meii,https://myanimelist.net/manga/7656/Saijou_no_Meii,Manga,11.0,2008 - 2010,2008,2010,2008.0,6613,7.88
1187,9705,Ginga Tetsudou 999 (1996),https://myanimelist.net/manga/9705/Ginga_Tetsudou_999_1996,Manga,7.0,1996 - 2004,1996,2004,1996.0,2891,7.88
1188,11777,Clannad: Tomoyo Dearest,https://myanimelist.net/manga/11777/Clannad__Tomoyo_Dearest,Manga,1.0,Feb 2008 - Aug 2008,Feb 2008,Aug 2008,2008.0,4101,7.88
1189,11977,Bambino!,https://myanimelist.net/manga/11977/Bambino,Manga,15.0,Dec 2004 - Feb 2009,Dec 2004,Feb 2009,2004.0,8769,7.88
1190,12295,Baka to Test to Shoukanjuu,https://myanimelist.net/manga/12295/Baka_to_Test_to_Shoukanjuu,Light Novel,18.0,Jan 2007 - Mar 2015,Jan 2007,Mar 2015,2007.0,9550,7.88
1191,15486,Decoration Disorder Disconnection,https://myanimelist.net/manga/15486/Decoration_Disorder_Disconnection,Light Novel,,Jan 2007 -,Jan 2007 -,,2007.0,3226,7.88
1192,28631,Saiyaku wa Boku wo Suki Sugiru,https://myanimelist.net/manga/28631/Saiyaku_wa_Boku_wo_Suki_Sugiru,Manga,,Nov 2009 -,Nov 2009 -,,2009.0,5719,7.88
1193,35035,Kyou no Kira-kun,https://myanimelist.net/manga/35035/Kyou_no_Kira-kun,Manga,9.0,Sep 2011 - Aug 2014,Sep 2011,Aug 2014,2011.0,30592,7.88
1194,59669,Steins;Gate: Eigou Kaiki no Pandora,https://myanimelist.net/manga/59669/Steins_Gate__Eigou_Kaiki_no_Pandora,Manga,1.0,May 2014 - Apr 2015,May 2014,Apr 2015,2014.0,3914,7.88
1195,69903,Fairy Tail Zerø,https://myanimelist.net/manga/69903/Fairy_Tail_Zerø,Manga,1.0,Jul 2014 - Jul 2015,Jul 2014,Jul 2015,2014.0,56525,7.88
1196,85437,Lord El-Melloi II-sei no Jikenbo,https://myanimelist.net/manga/85437/Lord_El-Melloi_II-sei_no_Jikenbo,Light Novel,10.0,Dec 2014 - May 2019,Dec 2014,May 2019,2014.0,3198,7.88
1197,91767,Boku to Kimi no Taisetsu na Hanashi,https://myanimelist.net/manga/91767/Boku_to_Kimi_no_Taisetsu_na_Hanashi,Manga,7.0,Aug 2015 - Dec 2019,Aug 2015,Dec 2019,2015.0,25563,7.88
1198,92149,Tomo-chan wa Onnanoko!,https://myanimelist.net/manga/92149/Tomo-chan_wa_Onnanoko,Manga,8.0,Apr 2015 - Jul 2019,Apr 2015,Jul 2019,2015.0,131274,7.88
1199,99386,Sword Art Online: Project Alicization,https://myanimelist.net/manga/99386/Sword_Art_Online__Project_Alicization,Manga,5.0,Aug 2016 - Jun 2021,Aug 2016,Jun 2021,2016.0,8049,7.88
1200,108639,Tsuiraku JK to Haijin Kyoushi,https://myanimelist.net/manga/108639/Tsuiraku_JK_to_Haijin_Kyoushi,Manga,20.0,Jul 2017 - Jun 2024,Jul 2017,Jun 2024,2017.0,21533,7.88
1201,109910,Uramichi Oniisan,https://myanimelist.net/manga/109910/Uramichi_Oniisan,Manga,,May 2017 -,May 2017 -,,2017.0,15725,7.88
1202,110029,Shinigami Bocchan to Kuro Maid,https://myanimelist.net/manga/110029/Shinigami_Bocchan_to_Kuro_Maid,Manga,16.0,Oct 2017 - May 2022,Oct 2017,May 2022,2017.0,35294,7.88
1203,110766,Urasekai Picnic,https://myanimelist.net/manga/110766/Urasekai_Picnic,Manga,,Feb 2018 -,Feb 2018 -,,2018.0,10205,7.88
1204,116808,Giji Harem,https://myanimelist.net/manga/116808/Giji_Harem,Manga,6.0,Jan 2019 - Mar 2021,Jan 2019,Mar 2021,2019.0,52660,7.88
1205,120177,Isekai Ojisan,https://myanimelist.net/manga/120177/Isekai_Ojisan,Manga,,Jun 2018 -,Jun 2018 -,,2018.0,26961,7.88
1206,128131,Kimi ni Todoke Bangai-hen: Unmei no Hito,https://myanimelist.net/manga/128131/Kimi_ni_Todoke_Bangai-hen__Unmei_no_Hito,Manga,3.0,Apr 2018 - May 2022,Apr 2018,May 2022,2018.0,5772,7.88
1207,128337,"Tearmoon Teikoku Monogatari: Dantoudai kara Hajimaru, Hime no Tensei Gyakuten Story",https://myanimelist.net/manga/128337/Tearmoon_Teikoku_Monogatari__Dantoudai_kara_Hajimaru_Hime_no_Tensei_Gyakuten_Story,Light Novel,,Jun 2019 -,Jun 2019 -,,2019.0,3368,7.88
1208,131924,Tsue to Tsurugi no Wistoria,https://myanimelist.net/manga/131924/Tsue_to_Tsurugi_no_Wistoria,Manga,,Dec 2020 -,Dec 2020 -,,2020.0,27598,7.88
1209,137146,Bokutachi wa Mada Aoku,https://myanimelist.net/manga/137146/Bokutachi_wa_Mada_Aoku,Manga,1.0,Oct 2019 - Oct 2020,Oct 2019,Oct 2020,2019.0,3672,7.88
1210,139289,Hidamari ga Kikoeru: Shunkashuutou,https://myanimelist.net/manga/139289/Hidamari_ga_Kikoeru__Shunkashuutou,Manga,,Dec 2020 -,Dec 2020 -,,2020.0,3326,7.88
1211,140333,Ano Ko no Kodomo,https://myanimelist.net/manga/140333/Ano_Ko_no_Kodomo,Manga,10.0,May 2021 - Oct 2024,May 2021,Oct 2024,2021.0,5255,7.88
1212,145359,Silent Witch: Chinmoku no Majo no Kakushigoto,https://myanimelist.net/manga/145359/Silent_Witch__Chinmoku_no_Majo_no_Kakushigoto,Manga,,Jul 2021 -,Jul 2021 -,,2021.0,6384,7.88
1213,147073,My Life as a Loser,https://myanimelist.net/manga/147073/My_Life_as_a_Loser,Manhwa,,Nov 2019 - Nov 2020,Nov 2019,Nov 2020,2019.0,5312,7.88
1214,150480,Sleeping Dead,https://myanimelist.net/manga/150480/Sleeping_Dead,Manga,2.0,Oct 2020 - Jun 2022,Oct 2020,Jun 2022,2020.0,4435,7.88
1215,160710,Naruto Gaiden: Uzu no Naka no Tsumujikaze,https://myanimelist.net/manga/160710/Naruto_Gaiden__Uzu_no_Naka_no_Tsumujikaze,One-shot,,Jul 2023 - Jul 2023,Jul 2023,Jul 2023,2023.0,10544,7.88
1216,178631,Our Guild's Idol,https://myanimelist.net/manga/178631/Our_Guilds_Idol,Manhwa,,Jan 2025 -,Jan 2025 -,,2025.0,2322,7.88
1217,112592,Oniichan wa Oshimai!,https://myanimelist.net/manga/112592/Oniichan_wa_Oshimai,Manga,,Jun 2018 -,Jun 2018 -,,2018.0,25210,7.87
1218,113360,Reigen: Reikyuuchi Max 131 no Otoko,https://myanimelist.net/manga/113360/Reigen__Reikyuuchi_Max_131_no_Otoko,Manga,1.0,Mar 2018 - Feb 2019,Mar 2018,Feb 2019,2018.0,10695,7.87
1219,116482,Seishun Buta Yarou wa Petit Devil Kouhai no Yume wo Minai,https://myanimelist.net/manga/116482/Seishun_Buta_Yarou_wa_Petit_Devil_Kouhai_no_Yume_wo_Minai,Manga,2.0,Mar 2018 - Dec 2018,Mar 2018,Dec 2018,2018.0,6466,7.87
1220,116790,Mieruko-chan,https://myanimelist.net/manga/116790/Mieruko-chan,Manga,,Nov 2018 -,Nov 2018 -,,2018.0,100214,7.87
1221,117586,Battle Royale,https://myanimelist.net/manga/117586/Battle_Royale,Novel,1.0,Apr 1999 - Apr 1999,Apr 1999,Apr 1999,1999.0,1735,7.87
1222,117954,Kotarou wa Hitorigurashi,https://myanimelist.net/manga/117954/Kotarou_wa_Hitorigurashi,Manga,10.0,Mar 2015 - Jun 2023,Mar 2015,Jun 2023,2015.0,3823,7.87
1223,122110,Hoshifuru Oukoku no Nina,https://myanimelist.net/manga/122110/Hoshifuru_Oukoku_no_Nina,Manga,,Oct 2019 -,Oct 2019 -,,2019.0,8798,7.87
1224,129361,Watashi no Oshi wa Akuyaku Reijou.,https://myanimelist.net/manga/129361/Watashi_no_Oshi_wa_Akuyaku_Reijou,Manga,,Jun 2020 -,Jun 2020 -,,2020.0,30760,7.87
1225,136791,Ryoushin no Shakkin wo Katagawari shite Morau Jouken wa Nihonichi Kawaii Joshikousei to Issho ni Kurasu Koto deshita.,https://myanimelist.net/manga/136791/Ryoushin_no_Shakkin_wo_Katagawari_shite_Morau_Jouken_wa_Nihonichi_Kawaii_Joshikousei_to_Issho_ni_Kurasu_Koto_deshita,Light Novel,5.0,Dec 2020 - Dec 2022,Dec 2020,Dec 2022,2020.0,4904,7.87
1226,143339,Aekanaru,https://myanimelist.net/manga/143339/Aekanaru,Manga,4.0,Jun 2020 - Jul 2022,Jun 2020,Jul 2022,2020.0,5695,7.87
1227,147263,Happily Ever Afterwards,https://myanimelist.net/manga/147263/Happily_Ever_Afterwards,Manhwa,,Dec 2020 - Sep 2022,Dec 2020,Sep 2022,2020.0,8370,7.87
1228,148530,The Ember Knight,https://myanimelist.net/manga/148530/The_Ember_Knight,Manhwa,,Mar 2021 -,Mar 2021 -,,2021.0,11966,7.87
1229,159475,Mo Dao Zu Shi Fanwai Ji,https://myanimelist.net/manga/159475/Mo_Dao_Zu_Shi_Fanwai_Ji,Novel,1.0,Feb 2020 - Feb 2020,Feb 2020,Feb 2020,2020.0,1047,7.87
1230,180941,"Haikei, Arishihi ni Saku Hana-tachi e",https://myanimelist.net/manga/180941/Haikei_Arishihi_ni_Saku_Hana-tachi_e,Manga,,Nov 2024 -,Nov 2024 -,,2024.0,1329,7.87
1231,184057,Proof of Dignity,https://myanimelist.net/manga/184057/Proof_of_Dignity,Manhwa,,Mar 2025 -,Mar 2025 -,,2025.0,863,7.87
1232,710,Houkago Hokenshitsu,https://myanimelist.net/manga/710/Houkago_Hokenshitsu,Manga,10.0,Dec 2004 - 2008,Dec 2004,2008,2004.0,19858,7.87
1233,885,Hakushaku Cain Series,https://myanimelist.net/manga/885/Hakushaku_Cain_Series,Manga,5.0,1992 - 1994,1992,1994,1992.0,10624,7.87
1234,1951,Uragiri wa Boku no Namae wo Shitteiru,https://myanimelist.net/manga/1951/Uragiri_wa_Boku_no_Namae_wo_Shitteiru,Manga,13.0,Sep 2005 - Apr 2017,Sep 2005,Apr 2017,2005.0,13281,7.87
1235,8456,½ Prince,https://myanimelist.net/manga/8456/½_Prince,Manhua,16.0,Jan 2007 - Jul 2014,Jan 2007,Jul 2014,2007.0,33208,7.87
1236,8848,Sun-Ken Rock,https://myanimelist.net/manga/8848/Sun-Ken_Rock,Manga,25.0,Apr 2006 - Feb 2016,Apr 2006,Feb 2016,2006.0,123623,7.87
1237,10429,Kara no Kyoukai: Mirai Fukuin - The Garden of Sinners/Recalled Out Summer,https://myanimelist.net/manga/10429/Kara_no_Kyoukai__Mirai_Fukuin_-_The_Garden_of_Sinners_Recalled_Out_Summer,Light Novel,1.0,Aug 2008 - Sep 2008,Aug 2008,Sep 2008,2008.0,4161,7.87
1238,14498,Acid Town,https://myanimelist.net/manga/14498/Acid_Town,Manga,,Mar 2008 -,Mar 2008 -,,2008.0,16601,7.87
1239,16791,Trace,https://myanimelist.net/manga/16791/Trace,Manhwa,,Apr 2007 - Feb 2009,Apr 2007,Feb 2009,2007.0,11817,7.87
1240,18511,All You Need Is Kill,https://myanimelist.net/manga/18511/All_You_Need_Is_Kill,Light Novel,1.0,Dec 2004 - Dec 2004,Dec 2004,Dec 2004,2004.0,15001,7.87
1241,55301,Les Misérables,https://myanimelist.net/manga/55301/Les_Misérables,Manga,8.0,Sep 2013 - May 2016,Sep 2013,May 2016,2013.0,3133,7.87
1242,65489,Katayoku no Labyrinth,https://myanimelist.net/manga/65489/Katayoku_no_Labyrinth,Manga,10.0,Jan 2014 - Aug 2016,Jan 2014,Aug 2016,2014.0,4467,7.87
1243,70557,Out,https://myanimelist.net/manga/70557/Out,Manga,,Jun 2012 -,Jun 2012 -,,2012.0,24500,7.87
1244,80119,Kobayashi-san Chi no Maid Dragon,https://myanimelist.net/manga/80119/Kobayashi-san_Chi_no_Maid_Dragon,Manga,,May 2013 -,May 2013 -,,2013.0,49192,7.87
1245,80469,Donten ni Warau Gaiden,https://myanimelist.net/manga/80469/Donten_ni_Warau_Gaiden,Manga,3.0,Dec 2013 - Feb 2017,Dec 2013,Feb 2017,2013.0,5845,7.87
1246,90309,Mahou Shoujo Madoka★Magica: Majuu-hen,https://myanimelist.net/manga/90309/Mahou_Shoujo_Madoka★Magica__Majuu-hen,Manga,3.0,Jun 2015 - Oct 2016,Jun 2015,Oct 2016,2015.0,7395,7.87
1247,94251,Kageki Shoujo!!,https://myanimelist.net/manga/94251/Kageki_Shoujo,Manga,,Feb 2015 -,Feb 2015 -,,2015.0,3689,7.87
1248,103925,Otome Game no Hametsu Flag shika Nai Akuyaku Reijou ni Tensei shiteshimatta...,https://myanimelist.net/manga/103925/Otome_Game_no_Hametsu_Flag_shika_Nai_Akuyaku_Reijou_ni_Tensei_shiteshimatta,Light Novel,,Aug 2015 -,Aug 2015 -,,2015.0,11974,7.87
1249,104475,Kino no Tabi: The Beautiful World,https://myanimelist.net/manga/104475/Kino_no_Tabi__The_Beautiful_World,Manga,8.0,Mar 2017 - Aug 2020,Mar 2017,Aug 2020,2017.0,6228,7.87
1250,587,Lucky☆Star,https://myanimelist.net/manga/587/Lucky☆Star,Manga,,Dec 2003 -,Dec 2003 -,,2003.0,17701,7.86
1251,3101,Deep Love: Pao no Monogatari,https://myanimelist.net/manga/3101/Deep_Love__Pao_no_Monogatari,Manga,2.0,2005 - 2005,2005,2005,2005.0,8314,7.86
1252,4031,Shanaou Yoshitsune,https://myanimelist.net/manga/4031/Shanaou_Yoshitsune,Manga,22.0,Nov 2000 - May 2007,Nov 2000,May 2007,2000.0,1775,7.86
1253,7716,Shibatora,https://myanimelist.net/manga/7716/Shibatora,Manga,15.0,2006 - 2009,2006,2009,2006.0,6275,7.86
1254,8094,Shin Tekken Chinmi,https://myanimelist.net/manga/8094/Shin_Tekken_Chinmi,Manga,20.0,Dec 1997 - Feb 2005,Dec 1997,Feb 2005,1997.0,1600,7.86
1255,8878,Hetalia Axis Powers,https://myanimelist.net/manga/8878/Hetalia_Axis_Powers,Manga,6.0,Mar 2008 - Jun 2013,Mar 2008,Jun 2013,2008.0,23243,7.86
1256,10740,Ilegenes: Kokuyou no Kiseki,https://myanimelist.net/manga/10740/Ilegenes__Kokuyou_no_Kiseki,Manga,5.0,Oct 2007 - Jul 2010,Oct 2007,Jul 2010,2007.0,8983,7.86
1257,11072,Koizora: Setsunai Koimonogatari,https://myanimelist.net/manga/11072/Koizora__Setsunai_Koimonogatari,Manga,10.0,2007 - 2009,2007,2009,2007.0,14680,7.86
1258,12064,Sora Log,https://myanimelist.net/manga/12064/Sora_Log,Manga,4.0,Oct 2008 - Feb 2010,Oct 2008,Feb 2010,2008.0,13983,7.86
1259,12671,Shinryaku! Ika Musume,https://myanimelist.net/manga/12671/Shinryaku_Ika_Musume,Manga,22.0,Jul 2007 - Feb 2016,Jul 2007,Feb 2016,2007.0,9160,7.86
1260,13492,Ao no Exorcist,https://myanimelist.net/manga/13492/Ao_no_Exorcist,Manga,,Apr 2009 -,Apr 2009 -,,2009.0,167793,7.86
1261,13992,Azumanga Daioh: Hoshuu-hen,https://myanimelist.net/manga/13992/Azumanga_Daioh__Hoshuu-hen,Manga,,May 2009 - Jul 2009,May 2009,Jul 2009,2009.0,6093,7.86
1262,14154,Arakawa Under the Bridge,https://myanimelist.net/manga/14154/Arakawa_Under_the_Bridge,Manga,15.0,Dec 2004 - Jul 2015,Dec 2004,Jul 2015,2004.0,19585,7.86
1263,23689,"Inari, Konkon, Koi Iroha.",https://myanimelist.net/manga/23689/Inari_Konkon_Koi_Iroha,Manga,10.0,Jul 2010 - Apr 2015,Jul 2010,Apr 2015,2010.0,19361,7.86
1264,50217,Kamisama ga Uso wo Tsuku.,https://myanimelist.net/manga/50217/Kamisama_ga_Uso_wo_Tsuku,Manga,1.0,Mar 2013 - Jul 2013,Mar 2013,Jul 2013,2013.0,64066,7.86
1265,57249,Rengoku ni Warau,https://myanimelist.net/manga/57249/Rengoku_ni_Warau,Manga,14.0,Dec 2013 - Apr 2022,Dec 2013,Apr 2022,2013.0,5684,7.86
1266,75101,Sword Art Online: Mother's Rosario,https://myanimelist.net/manga/75101/Sword_Art_Online__Mothers_Rosario,Manga,3.0,Jun 2014 - Apr 2016,Jun 2014,Apr 2016,2014.0,6126,7.86
1267,92472,Koiwazurai no Ellie,https://myanimelist.net/manga/92472/Koiwazurai_no_Ellie,Manga,12.0,Jul 2015 - Aug 2020,Jul 2015,Aug 2020,2015.0,16342,7.86
1268,96812,Emiya-san Chi no Kyou no Gohan,https://myanimelist.net/manga/96812/Emiya-san_Chi_no_Kyou_no_Gohan,Manga,,Jan 2016 -,Jan 2016 -,,2016.0,4218,7.86
1269,100790,High School DxD EX,https://myanimelist.net/manga/100790/High_School_DxD_EX,Light Novel,,Jul 2015 - Jan 2016,Jul 2015,Jan 2016,2015.0,1826,7.86
1270,112483,Super Secret,https://myanimelist.net/manga/112483/Super_Secret,Manhwa,4.0,Mar 2015 - Jan 2018,Mar 2015,Jan 2018,2015.0,10313,7.86
1271,114006,Nora to Zassou,https://myanimelist.net/manga/114006/Nora_to_Zassou,Manga,4.0,Apr 2018 - Aug 2020,Apr 2018,Aug 2020,2018.0,8481,7.86
1272,114852,Kimi wa Tsukiyo ni Hikarikagayaku,https://myanimelist.net/manga/114852/Kimi_wa_Tsukiyo_ni_Hikarikagayaku,Manga,2.0,Aug 2018 - Jul 2019,Aug 2018,Jul 2019,2018.0,8654,7.86
1273,120071,Adachi to Shimamura,https://myanimelist.net/manga/120071/Adachi_to_Shimamura,Manga,,May 2019 -,May 2019 -,,2019.0,13141,7.86
1274,122531,Kimi wa Tsukiyo ni Hikarikagayaku,https://myanimelist.net/manga/122531/Kimi_wa_Tsukiyo_ni_Hikarikagayaku,Novel,1.0,Feb 2017 - Feb 2017,Feb 2017,Feb 2017,2017.0,2269,7.86
1275,141215,Yume no Hashibashi,https://myanimelist.net/manga/141215/Yume_no_Hashibashi,Manga,2.0,Oct 2018 - May 2020,Oct 2018,May 2020,2018.0,3830,7.86
1276,142600,Takopii no Genzai,https://myanimelist.net/manga/142600/Takopii_no_Genzai,Manga,2.0,Dec 2021 - Mar 2022,Dec 2021,Mar 2022,2021.0,64109,7.86
1277,148401,Death's Game,https://myanimelist.net/manga/148401/Deaths_Game,Manhwa,6.0,Apr 2019 - Jun 2020,Apr 2019,Jun 2020,2019.0,6060,7.86
1278,158900,Romance 101 Spin-Off,https://myanimelist.net/manga/158900/Romance_101_Spin-Off,Manhwa,1.0,May 2021 - Jul 2021,May 2021,Jul 2021,2021.0,1022,7.86
1279,163048,Sute Akuyaku Reijou wa Kaibutsu ni Otogibanashi wo Kataru,https://myanimelist.net/manga/163048/Sute_Akuyaku_Reijou_wa_Kaibutsu_ni_Otogibanashi_wo_Kataru,Manga,6.0,Nov 2021 - Sep 2025,Nov 2021,Sep 2025,2021.0,3420,7.86
1280,176032,Special Civil Servant,https://myanimelist.net/manga/176032/Special_Civil_Servant,Manhwa,,Jun 2024 -,Jun 2024 -,,2024.0,6206,7.86
1281,176244,Bad Born Blood,https://myanimelist.net/manga/176244/Bad_Born_Blood,Manhwa,,Nov 2024 -,Nov 2024 -,,2024.0,9232,7.86
1282,184872,"Father, Unrivaled",https://myanimelist.net/manga/184872/Father_Unrivaled,Manhwa,,Oct 2017 - Feb 2024,Oct 2017,Feb 2024,2017.0,2639,7.86
1283,194095,Kaisou Toshi Danpenshuu,https://myanimelist.net/manga/194095/Kaisou_Toshi_Danpenshuu,Manga,,Jun 2026 -,Jun 2026 -,,2026.0,1219,7.86
1284,111278,Unlucky Mansion,https://myanimelist.net/manga/111278/Unlucky_Mansion,Manhwa,,May 2016 - Jan 2018,May 2016,Jan 2018,2016.0,5214,7.85
1285,111603,Bungou Stray Dogs Gaiden: Ayatsuji Yukito vs. Kyougoku Natsuhiko,https://myanimelist.net/manga/111603/Bungou_Stray_Dogs_Gaiden__Ayatsuji_Yukito_vs_Kyougoku_Natsuhiko,Manga,,Dec 2017 -,Dec 2017 -,,2017.0,4375,7.85
1286,113667,50cm no Isshou,https://myanimelist.net/manga/113667/50cm_no_Isshou,Manga,3.0,Feb 2018 - Apr 2019,Feb 2018,Apr 2019,2018.0,2565,7.85
1287,121043,Touge Oni,https://myanimelist.net/manga/121043/Touge_Oni,Manga,,Apr 2018 -,Apr 2018 -,,2018.0,9846,7.85
1288,123475,The Remarried Empress,https://myanimelist.net/manga/123475/The_Remarried_Empress,Manhwa,,Oct 2019 - Jan 2026,Oct 2019,Jan 2026,2019.0,29929,7.85
1289,124145,Gilgamesh,https://myanimelist.net/manga/124145/Gilgamesh,Manhwa,6.0,Aug 2015 - Dec 2017,Aug 2015,Dec 2017,2015.0,4335,7.85
1290,124154,Toorigakari ni One Point Advice shiteiku Type no Yankee,https://myanimelist.net/manga/124154/Toorigakari_ni_One_Point_Advice_shiteiku_Type_no_Yankee,Manga,8.0,Feb 2019 - Jul 2022,Feb 2019,Jul 2022,2019.0,13665,7.85
1291,124876,Star x Fanboy,https://myanimelist.net/manga/124876/Star_x_Fanboy,Manhwa,4.0,Aug 2017 - Jan 2020,Aug 2017,Jan 2020,2017.0,3311,7.85
1292,125699,Ore ga Watashi ni Naru made,https://myanimelist.net/manga/125699/Ore_ga_Watashi_ni_Naru_made,Manga,,Mar 2019 -,Mar 2019 -,,2019.0,5188,7.85
1293,132552,Taste of Illness,https://myanimelist.net/manga/132552/Taste_of_Illness,Manhwa,3.0,Aug 2018 - Jan 2019,Aug 2018,Jan 2019,2018.0,4654,7.85
1294,134181,Yojouhan Shinwa Taikei,https://myanimelist.net/manga/134181/Yojouhan_Shinwa_Taikei,Novel,1.0,Dec 2004 - Dec 2004,Dec 2004,Dec 2004,2004.0,1450,7.85
1295,139152,Bleach: Gokui Meimei-hen,https://myanimelist.net/manga/139152/Bleach__Gokui_Meimei-hen,One-shot,,Aug 2021 - Aug 2021,Aug 2021,Aug 2021,2021.0,17303,7.85
1296,147730,For Better or For Worse,https://myanimelist.net/manga/147730/For_Better_or_For_Worse,Manhwa,,Nov 2020 - Apr 2026,Nov 2020,Apr 2026,2020.0,6885,7.85
1297,147827,Miss Not-So Sidekick,https://myanimelist.net/manga/147827/Miss_Not-So_Sidekick,Manhwa,,Dec 2017 -,Dec 2017 -,,2017.0,7584,7.85
1298,147941,Mori-chan Ken-chan,https://myanimelist.net/manga/147941/Mori-chan_Ken-chan,One-shot,,Sep 2021 - Sep 2021,Sep 2021,Sep 2021,2021.0,1072,7.85
1299,148554,Rinko-chan to Himosugara,https://myanimelist.net/manga/148554/Rinko-chan_to_Himosugara,Manga,4.0,Apr 2021 - Jun 2023,Apr 2021,Jun 2023,2021.0,5175,7.85
1300,150204,Ending Maker,https://myanimelist.net/manga/150204/Ending_Maker,Manhwa,,May 2022 -,May 2022 -,,2022.0,14079,7.85
1301,185096,Uncanny Charm,https://myanimelist.net/manga/185096/Uncanny_Charm,Manhwa,,Feb 2020 - May 2024,Feb 2020,May 2024,2020.0,948,7.85
1302,14,Rave,https://myanimelist.net/manga/14/Rave,Manga,35.0,Jul 1999 - Jul 2005,Jul 1999,Jul 2005,1999.0,53261,7.85
1303,37,Shinshi Doumei Cross,https://myanimelist.net/manga/37/Shinshi_Doumei_Cross,Manga,11.0,Aug 2004 - Jun 2008,Aug 2004,Jun 2008,2004.0,27692,7.85
1304,142,Battle Royale,https://myanimelist.net/manga/142/Battle_Royale,Manga,15.0,2000 - 2005,2000,2005,2000.0,77845,7.85
1305,430,Suzuka,https://myanimelist.net/manga/430/Suzuka,Manga,18.0,Feb 2004 - Sep 2007,Feb 2004,Sep 2007,2004.0,51896,7.85
1306,556,Trinity Blood,https://myanimelist.net/manga/556/Trinity_Blood,Manga,21.0,Aug 2003 - Apr 2018,Aug 2003,Apr 2018,2003.0,21687,7.85
1307,8947,Saint☆Oniisan,https://myanimelist.net/manga/8947/Saint☆Oniisan,Manga,,Aug 2006 -,Aug 2006 -,,2006.0,29135,7.85
1308,11493,Jin,https://myanimelist.net/manga/11493/Jin,Manga,20.0,Apr 2000 - Nov 2010,Apr 2000,Nov 2010,2000.0,7661,7.85
1309,14466,Touhou Kourindou: Curiosities of Lotus Asia.,https://myanimelist.net/manga/14466/Touhou_Kourindou__Curiosities_of_Lotus_Asia,Light Novel,1.0,Jan 2004 - Oct 2007,Jan 2004,Oct 2007,2004.0,2998,7.85
1310,16034,Sarashi Asobi,https://myanimelist.net/manga/16034/Sarashi_Asobi,Manga,2.0,Jan 2008 - Dec 2009,Jan 2008,Dec 2009,2008.0,5283,7.85
1311,17207,Inu x Boku SS,https://myanimelist.net/manga/17207/Inu_x_Boku_SS,Manga,11.0,Apr 2009 - Feb 2014,Apr 2009,Feb 2014,2009.0,37511,7.85
1312,28125,Maoyuu Maou Yuusha,https://myanimelist.net/manga/28125/Maoyuu_Maou_Yuusha,Light Novel,5.0,Dec 2010 - Jan 2012,Dec 2010,Jan 2012,2010.0,7939,7.85
1313,55377,Kasane,https://myanimelist.net/manga/55377/Kasane,Manga,14.0,Apr 2013 - Aug 2018,Apr 2013,Aug 2018,2013.0,37867,7.85
1314,55867,High☆Speed!,https://myanimelist.net/manga/55867/High☆Speed,Light Novel,2.0,Jul 2013 - Jul 2014,Jul 2013,Jul 2014,2013.0,4469,7.85
1315,58145,Pinocchio,https://myanimelist.net/manga/58145/Pinocchio,Manhwa,7.0,Apr 2011 - Mar 2013,Apr 2011,Mar 2013,2011.0,3677,7.85
1316,60977,Mahouka Koukou no Rettousei: Tsuioku-hen,https://myanimelist.net/manga/60977/Mahouka_Koukou_no_Rettousei__Tsuioku-hen,Manga,3.0,Feb 2014 - Jul 2015,Feb 2014,Jul 2015,2014.0,8521,7.85
1317,69015,Gangsta:Cursed.: EP_Marco Adriano,https://myanimelist.net/manga/69015/Gangsta_Cursed__EP_Marco_Adriano,Manga,5.0,Apr 2014 - Feb 2018,Apr 2014,Feb 2018,2014.0,6752,7.85
1318,69841,Kenrantaru Grande Scène,https://myanimelist.net/manga/69841/Kenrantaru_Grande_Scène,Manga,,Jul 2013 -,Jul 2013 -,,2013.0,3775,7.85
1319,74337,Steins;Gate: Mugen Enten no Arc Light,https://myanimelist.net/manga/74337/Steins_Gate__Mugen_Enten_no_Arc_Light,Manga,1.0,Mar 2014 - Aug 2014,Mar 2014,Aug 2014,2014.0,2754,7.85
1320,77239,Ao Haru Ride: Awaken,https://myanimelist.net/manga/77239/Ao_Haru_Ride__Awaken,Manga,,Sep 2014 - Nov 2014,Sep 2014,Nov 2014,2014.0,7942,7.85
1321,93398,Nanbaka,https://myanimelist.net/manga/93398/Nanbaka,Manga,,Oct 2013 - Jun 2022,Oct 2013,Jun 2022,2013.0,9914,7.85
1322,93819,Owari no Seraph: Kyuuketsuki Mikaela no Monogatari,https://myanimelist.net/manga/93819/Owari_no_Seraph__Kyuuketsuki_Mikaela_no_Monogatari,Light Novel,2.0,Dec 2015 - May 2016,Dec 2015,May 2016,2015.0,3713,7.85
1323,105912,Toaru Kagaku no Railgun Gaiden: Astral Buddy,https://myanimelist.net/manga/105912/Toaru_Kagaku_no_Railgun_Gaiden__Astral_Buddy,Manga,4.0,Apr 2017 - Jul 2020,Apr 2017,Jul 2020,2017.0,4872,7.85
1324,106609,Ningen Shikkaku,https://myanimelist.net/manga/106609/Ningen_Shikkaku,Manga,3.0,May 2017 - Apr 2018,May 2017,Apr 2018,2017.0,27400,7.85
1325,634,Beniiro Hero,https://myanimelist.net/manga/634/Beniiro_Hero,Manga,20.0,Dec 2002 - Jan 2011,Dec 2002,Jan 2011,2002.0,9417,7.84
1326,696,Hayate no Gotoku!,https://myanimelist.net/manga/696/Hayate_no_Gotoku,Manga,52.0,Oct 2004 - Apr 2017,Oct 2004,Apr 2017,2004.0,33352,7.84
1327,1051,Kiniro no Corda,https://myanimelist.net/manga/1051/Kiniro_no_Corda,Manga,17.0,Mar 2004 - Mar 2011,Mar 2004,Mar 2011,2004.0,12410,7.84
1328,1344,Kirihito Sanka,https://myanimelist.net/manga/1344/Kirihito_Sanka,Manga,2.0,Mar 1970 - Dec 1971,Mar 1970,Dec 1971,1970.0,7642,7.84
1329,3522,Kieli: Shisha-tachi wa Kouya ni Nemuru,https://myanimelist.net/manga/3522/Kieli__Shisha-tachi_wa_Kouya_ni_Nemuru,Manga,2.0,Dec 2005 - Aug 2006,Dec 2005,Aug 2006,2005.0,8345,7.84
1330,4742,Kamen Rider Spirits,https://myanimelist.net/manga/4742/Kamen_Rider_Spirits,Manga,16.0,Nov 2000 - Jan 2009,Nov 2000,Jan 2009,2000.0,3125,7.84
1331,6140,Darren Shan,https://myanimelist.net/manga/6140/Darren_Shan,Manga,12.0,Aug 2006 - Feb 2009,Aug 2006,Feb 2009,2006.0,7868,7.84
1332,10349,Hanbun no Tsuki ga Noboru Sora,https://myanimelist.net/manga/10349/Hanbun_no_Tsuki_ga_Noboru_Sora,Light Novel,8.0,Oct 2003 - Aug 2006,Oct 2003,Aug 2006,2003.0,3183,7.84
1333,14065,Yumekui Merry,https://myanimelist.net/manga/14065/Yumekui_Merry,Manga,24.0,Mar 2008 - Nov 2020,Mar 2008,Nov 2020,2008.0,16712,7.84
1334,14841,Durarara!!,https://myanimelist.net/manga/14841/Durarara,Manga,4.0,Jun 2009 - Apr 2011,Jun 2009,Apr 2011,2009.0,26581,7.84
1335,19357,Shinrei Tantei Yakumo,https://myanimelist.net/manga/19357/Shinrei_Tantei_Yakumo,Novel,12.0,Sep 2004 - Jun 2020,Sep 2004,Jun 2020,2004.0,4228,7.84
1336,22103,Hanazakari no Kimitachi e: After School,https://myanimelist.net/manga/22103/Hanazakari_no_Kimitachi_e__After_School,Manga,1.0,Aug 2007 - May 2010,Aug 2007,May 2010,2007.0,4103,7.84
1337,22519,To LOVE-Ru Darkness,https://myanimelist.net/manga/22519/To_LOVE-Ru_Darkness,Manga,18.0,Oct 2010 - Mar 2017,Oct 2010,Mar 2017,2010.0,52671,7.84
1338,27327,All Around Type-Moon,https://myanimelist.net/manga/27327/All_Around_Type-Moon,Manga,2.0,Apr 2008 - Aug 2013,Apr 2008,Aug 2013,2008.0,5082,7.84
1339,32735,Campione!,https://myanimelist.net/manga/32735/Campione,Light Novel,21.0,May 2008 - Nov 2017,May 2008,Nov 2017,2008.0,8409,7.84
1340,48151,World Trigger,https://myanimelist.net/manga/48151/World_Trigger,Manga,,Feb 2013 -,Feb 2013 -,,2013.0,53281,7.84
1341,51493,Murasakiiro no Qualia,https://myanimelist.net/manga/51493/Murasakiiro_no_Qualia,Manga,3.0,Jan 2011 - Aug 2013,Jan 2011,Aug 2013,2011.0,13772,7.84
1342,60509,"Soredemo, Yasashii Koi wo Suru",https://myanimelist.net/manga/60509/Soredemo_Yasashii_Koi_wo_Suru,Manga,1.0,Oct 2008 - Oct 2013,Oct 2008,Oct 2013,2008.0,12166,7.84
1343,64087,Duty After School,https://myanimelist.net/manga/64087/Duty_After_School,Manhwa,5.0,Nov 2012 - Dec 2013,Nov 2012,Dec 2013,2012.0,11321,7.84
1344,72439,Setoutsumi,https://myanimelist.net/manga/72439/Setoutsumi,Manga,8.0,Dec 2012 - Nov 2017,Dec 2012,Nov 2017,2012.0,5394,7.84
1345,77891,The Friendly Winter,https://myanimelist.net/manga/77891/The_Friendly_Winter,Manhwa,2.0,Oct 2011 - Feb 2013,Oct 2011,Feb 2013,2011.0,5414,7.84
1346,82799,Shingeki no Kyojin: Lost Girls,https://myanimelist.net/manga/82799/Shingeki_no_Kyojin__Lost_Girls,Light Novel,1.0,Dec 2014 - Dec 2014,Dec 2014,Dec 2014,2014.0,7712,7.84
1347,83807,Kuroko no Basket: Extra Game,https://myanimelist.net/manga/83807/Kuroko_no_Basket__Extra_Game,Manga,2.0,Dec 2014 - Mar 2016,Dec 2014,Mar 2016,2014.0,20943,7.84
1348,86337,Black Clover,https://myanimelist.net/manga/86337/Black_Clover,Manga,38.0,Feb 2015 - May 2026,Feb 2015,May 2026,2015.0,249376,7.84
1349,91913,Charlotte,https://myanimelist.net/manga/91913/Charlotte,Manga,6.0,Jul 2015 - Dec 2018,Jul 2015,Dec 2018,2015.0,14205,7.84
1350,97869,Isekai Goumon-hime,https://myanimelist.net/manga/97869/Isekai_Goumon-hime,Light Novel,10.0,Apr 2016 - Feb 2020,Apr 2016,Feb 2020,2016.0,6269,7.84
1351,103000,Bleach: We Do Knot Always Love You,https://myanimelist.net/manga/103000/Bleach__We_Do_Knot_Always_Love_You,Light Novel,1.0,Dec 2016 - Dec 2016,Dec 2016,Dec 2016,2016.0,3356,7.84
1352,107774,Migi to Dali,https://myanimelist.net/manga/107774/Migi_to_Dali,Manga,7.0,Jul 2017 - Nov 2021,Jul 2017,Nov 2021,2017.0,6156,7.84
1353,108424,Takane no Ran-san,https://myanimelist.net/manga/108424/Takane_no_Ran-san,Manga,10.0,Jul 2017 - Dec 2020,Jul 2017,Dec 2020,2017.0,10485,7.84
1354,109330,Kimi wa Natsu no Naka,https://myanimelist.net/manga/109330/Kimi_wa_Natsu_no_Naka,Manga,1.0,Jul 2016 - May 2017,Jul 2016,May 2017,2016.0,24512,7.84
1355,109339,Saihate no Paladin,https://myanimelist.net/manga/109339/Saihate_no_Paladin,Manga,,Sep 2017 -,Sep 2017 -,,2017.0,34567,7.84
1356,111276,Sewayaki Kitsune no Senko-san,https://myanimelist.net/manga/111276/Sewayaki_Kitsune_no_Senko-san,Manga,,Oct 2017 -,Oct 2017 -,,2017.0,30802,7.84
1357,118858,Dai Dark,https://myanimelist.net/manga/118858/Dai_Dark,Manga,,Mar 2019 -,Mar 2019 -,,2019.0,49025,7.84
1358,119024,A Good Day to Be a Dog,https://myanimelist.net/manga/119024/A_Good_Day_to_Be_a_Dog,Manhwa,9.0,Aug 2017 - Apr 2019,Aug 2017,Apr 2019,2017.0,17025,7.84
1359,120367,Futari Ashita mo Sorenari ni,https://myanimelist.net/manga/120367/Futari_Ashita_mo_Sorenari_ni,Manga,5.0,May 2019 - Apr 2021,May 2019,Apr 2021,2019.0,30120,7.84
1360,120403,School Zone,https://myanimelist.net/manga/120403/School_Zone,Manga,5.0,Apr 2018 - Aug 2022,Apr 2018,Aug 2022,2018.0,10304,7.84
1361,120716,"Ichido dake demo, Koukai Shitemasu.",https://myanimelist.net/manga/120716/Ichido_dake_demo_Koukai_Shitemasu,Manga,3.0,Jun 2019 - Feb 2021,Jun 2019,Feb 2021,2019.0,20692,7.84
1362,124520,Boys Run the Riot,https://myanimelist.net/manga/124520/Boys_Run_the_Riot,Manga,4.0,Jan 2020 - Oct 2020,Jan 2020,Oct 2020,2020.0,20372,7.84
1363,128108,Gakkougurashi! Otayori,https://myanimelist.net/manga/128108/Gakkougurashi_Otayori,Manga,1.0,Jun 2020 - Aug 2021,Jun 2020,Aug 2021,2020.0,5787,7.84
1364,130357,Iken Senki Völundio,https://myanimelist.net/manga/130357/Iken_Senki_Völundio,Manga,,Aug 2020 -,Aug 2020 -,,2020.0,5580,7.84
1365,131807,Gomashio to Pudding,https://myanimelist.net/manga/131807/Gomashio_to_Pudding,Manga,3.0,Jul 2018 - Apr 2020,Jul 2018,Apr 2020,2018.0,14910,7.84
1366,132417,Home,https://myanimelist.net/manga/132417/Home,Manga,1.0,Dec 2020 - Jun 2022,Dec 2020,Jun 2022,2020.0,3332,7.84
1367,135861,Disney Twisted-Wonderland the Comic: Episode of Heartslabyul,https://myanimelist.net/manga/135861/Disney_Twisted-Wonderland_the_Comic__Episode_of_Heartslabyul,Manga,4.0,Mar 2021 - Oct 2022,Mar 2021,Oct 2022,2021.0,3905,7.84
1368,136969,Iki Dekinai no wa Kimi no Sei,https://myanimelist.net/manga/136969/Iki_Dekinai_no_wa_Kimi_no_Sei,Manga,,Sep 2020 -,Sep 2020 -,,2020.0,3192,7.84
1369,153650,Revelation of Youth,https://myanimelist.net/manga/153650/Revelation_of_Youth,Manhwa,,Nov 2022 - Jan 2026,Nov 2022,Jan 2026,2022.0,6109,7.84
1370,154039,I Don't Want to Play Matchmaker!,https://myanimelist.net/manga/154039/I_Dont_Want_to_Play_Matchmaker,Manhwa,,Dec 2022 -,Dec 2022 -,,2022.0,2714,7.84
1371,154692,The Infinite Mage,https://myanimelist.net/manga/154692/The_Infinite_Mage,Manhwa,,Dec 2022 -,Dec 2022 -,,2022.0,40663,7.84
1372,155115,Solo Leveling Side Story,https://myanimelist.net/manga/155115/Solo_Leveling_Side_Story,Novel,1.0,Apr 2018 - Apr 2018,Apr 2018,Apr 2018,2018.0,4469,7.84
1373,159245,"Nagahama to Be, or Not to Be",https://myanimelist.net/manga/159245/Nagahama_to_Be_or_Not_to_Be,Manga,3.0,Jan 2023 - May 2026,Jan 2023,May 2026,2023.0,2852,7.84
1374,160537,Toutou Cang Bu Zhu,https://myanimelist.net/manga/160537/Toutou_Cang_Bu_Zhu,Manhua,,Jul 2021 -,Jul 2021 -,,2021.0,1954,7.84
1375,114300,Jishou Akuyaku Reijou na Konyakusha no Kansatsu Kiroku.,https://myanimelist.net/manga/114300/Jishou_Akuyaku_Reijou_na_Konyakusha_no_Kansatsu_Kiroku,Manga,6.0,May 2018 - Aug 2021,May 2018,Aug 2021,2018.0,16908,7.83
1376,118805,Fight Class 3,https://myanimelist.net/manga/118805/Fight_Class_3,Manhwa,,Aug 2016 -,Aug 2016 -,,2016.0,9840,7.83
1377,122147,Rebuild World,https://myanimelist.net/manga/122147/Rebuild_World,Manga,,Jul 2019 -,Jul 2019 -,,2019.0,21779,7.83
1378,125746,Koisuru (Otome) no Tsukurikata,https://myanimelist.net/manga/125746/Koisuru_Otome_no_Tsukurikata,Manga,,Feb 2020 -,Feb 2020 -,,2020.0,16782,7.83
1379,132500,"Loop 7-kaime no Akuyaku Reijou wa, Moto Tekikoku de Jiyuu Kimama na Hanayome Seikatsu wo Mankitsu suru",https://myanimelist.net/manga/132500/Loop_7-kaime_no_Akuyaku_Reijou_wa_Moto_Tekikoku_de_Jiyuu_Kimama_na_Hanayome_Seikatsu_wo_Mankitsu_suru,Manga,,Dec 2020 -,Dec 2020 -,,2020.0,11149,7.83
1380,142649,"Mikadono Sanshimai wa Angai, Choroi.",https://myanimelist.net/manga/142649/Mikadono_Sanshimai_wa_Angai_Choroi,Manga,,Dec 2021 -,Dec 2021 -,,2021.0,20357,7.83
1381,146949,The Swordmaster's Son,https://myanimelist.net/manga/146949/The_Swordmasters_Son,Manhwa,,Apr 2022 -,Apr 2022 -,,2022.0,40731,7.83
1382,147207,The Villainess Turns the Hourglass,https://myanimelist.net/manga/147207/The_Villainess_Turns_the_Hourglass,Manhwa,,Mar 2020 - Nov 2022,Mar 2020,Nov 2022,2020.0,20315,7.83
1383,150977,Tenmaku no Jaadugar,https://myanimelist.net/manga/150977/Tenmaku_no_Jaadugar,Manga,,Sep 2021 -,Sep 2021 -,,2021.0,4429,7.83
1384,155209,Nippon Sangoku,https://myanimelist.net/manga/155209/Nippon_Sangoku,Manga,,Nov 2021 -,Nov 2021 -,,2021.0,2823,7.83
1385,160251,Shibou Yuugi de Meshi wo Kuu.,https://myanimelist.net/manga/160251/Shibou_Yuugi_de_Meshi_wo_Kuu,Light Novel,,Nov 2022 -,Nov 2022 -,,2022.0,1927,7.83
1386,165729,Okuremashite Seishun,https://myanimelist.net/manga/165729/Okuremashite_Seishun,Manga,5.0,Oct 2023 - Sep 2025,Oct 2023,Sep 2025,2023.0,3251,7.83
1387,170269,Rii-chan,https://myanimelist.net/manga/170269/Rii-chan,Manga,1.0,Apr 2024 - Apr 2024,Apr 2024,Apr 2024,2024.0,3614,7.83
1388,180391,Aoi no Heya ni Mata Haru ga Kita,https://myanimelist.net/manga/180391/Aoi_no_Heya_ni_Mata_Haru_ga_Kita,One-shot,,Mar 2025 - Mar 2025,Mar 2025,Mar 2025,2025.0,2433,7.83
1389,181162,Osoraku Kanojo wa Ore no Aniki wo Neratteru,https://myanimelist.net/manga/181162/Osoraku_Kanojo_wa_Ore_no_Aniki_wo_Neratteru,Manga,,Apr 2025 -,Apr 2025 -,,2025.0,17835,7.83
1390,189516,Moriagaranai Date,https://myanimelist.net/manga/189516/Moriagaranai_Date,Manga,,Dec 2024 -,Dec 2024 -,,2024.0,2316,7.83
1391,766,Akuma de Sourou,https://myanimelist.net/manga/766/Akuma_de_Sourou,Manga,11.0,Jan 1998 - Dec 2002,Jan 1998,Dec 2002,1998.0,14543,7.83
1392,776,Ginga Tetsudou 999,https://myanimelist.net/manga/776/Ginga_Tetsudou_999,Manga,18.0,Jan 1977 - Oct 1981,Jan 1977,Oct 1981,1977.0,3856,7.83
1393,902,Hydra,https://myanimelist.net/manga/902/Hydra,Manga,3.0,2004 - 2004,2004,2004,2004.0,3749,7.83
1394,1072,Kaze Hikaru,https://myanimelist.net/manga/1072/Kaze_Hikaru,Manga,45.0,1997 - May 2020,1997,May 2020,1997.0,6438,7.83
1395,1376,Dogs: Stray Dogs Howling in the Dark,https://myanimelist.net/manga/1376/Dogs__Stray_Dogs_Howling_in_the_Dark,Manga,1.0,2000 - 2001,2000,2001,2000.0,20178,7.83
1396,1472,Orpheus no Mado,https://myanimelist.net/manga/1472/Orpheus_no_Mado,Manga,18.0,Jan 1975 - Jul 1981,Jan 1975,Jul 1981,1975.0,2763,7.83
1397,5157,Baki: New Grappler Baki,https://myanimelist.net/manga/5157/Baki__New_Grappler_Baki,Manga,31.0,1999 - 2005,1999,2005,1999.0,28970,7.83
1398,8446,Ikigami,https://myanimelist.net/manga/8446/Ikigami,Manga,10.0,Jan 2005 - Feb 2012,Jan 2005,Feb 2012,2005.0,26471,7.83
1399,8840,Hanatsukihime,https://myanimelist.net/manga/8840/Hanatsukihime,Manga,2.0,Dec 2007 - Apr 2008,Dec 2007,Apr 2008,2007.0,15911,7.83
1400,10309,Junjou Mistake,https://myanimelist.net/manga/10309/Junjou_Mistake,Manga,1.0,Jul 2008 - Dec 2008,Jul 2008,Dec 2008,2008.0,6431,7.83
1401,10386,Yume-iro Pâtissière,https://myanimelist.net/manga/10386/Yume-iro_Pâtissière,Manga,12.0,Sep 2008 - Aug 2013,Sep 2008,Aug 2013,2008.0,8168,7.83
1402,12713,Red,https://myanimelist.net/manga/12713/Red,Manga,19.0,Nov 1998 - Oct 2005,Nov 1998,Oct 2005,1998.0,5948,7.83
1403,21658,Densetsu no Yuusha no Densetsu,https://myanimelist.net/manga/21658/Densetsu_no_Yuusha_no_Densetsu,Light Novel,11.0,Feb 2002 - Oct 2006,Feb 2002,Oct 2006,2002.0,4628,7.83
1404,23192,Mayo Chiki!,https://myanimelist.net/manga/23192/Mayo_Chiki,Light Novel,12.0,Nov 2009 - Jul 2012,Nov 2009,Jul 2012,2009.0,7890,7.83
1405,34091,Rec: Kimi ga Naita Hi,https://myanimelist.net/manga/34091/Rec__Kimi_ga_Naita_Hi,Manga,1.0,Nov 2010 - Feb 2011,Nov 2010,Feb 2011,2010.0,8336,7.83
1406,34335,Durarara!! Saika-hen,https://myanimelist.net/manga/34335/Durarara_Saika-hen,Manga,3.0,Sep 2011 - Jan 2013,Sep 2011,Jan 2013,2011.0,6474,7.83
1407,41733,"Gate: Jieitai Kanochi nite, Kaku Tatakaeri",https://myanimelist.net/manga/41733/Gate__Jieitai_Kanochi_nite_Kaku_Tatakaeri,Manga,28.0,Jul 2011 - Sep 2025,Jul 2011,Sep 2025,2011.0,31775,7.83
1408,43393,Madan no Ou to Vanadis,https://myanimelist.net/manga/43393/Madan_no_Ou_to_Vanadis,Light Novel,18.0,Apr 2011 - Nov 2017,Apr 2011,Nov 2017,2011.0,7612,7.83
1409,47030,K Side:Red,https://myanimelist.net/manga/47030/K_Side_Red,Light Novel,1.0,Nov 2012 - Nov 2012,Nov 2012,Nov 2012,2012.0,2844,7.83
1410,47363,Kamisama no Iutoori 2,https://myanimelist.net/manga/47363/Kamisama_no_Iutoori_2,Manga,21.0,Jan 2013 - Dec 2016,Jan 2013,Dec 2016,2013.0,23850,7.83
1411,48397,No Game No Life,https://myanimelist.net/manga/48397/No_Game_No_Life,Manga,2.0,Jan 2013 - Sep 2017,Jan 2013,Sep 2017,2013.0,32211,7.83
1412,56923,Ame no Hi no Iris,https://myanimelist.net/manga/56923/Ame_no_Hi_no_Iris,Light Novel,1.0,May 2011 - May 2011,May 2011,May 2011,2011.0,4735,7.83
1413,61959,Kishibe Rohan wa Ugokanai,https://myanimelist.net/manga/61959/Kishibe_Rohan_wa_Ugokanai,Manga,,Jun 1997 -,Jun 1997 -,,1997.0,18106,7.83
1414,67879,"Gate: Jieitai Kanochi nite, Kaku Tatakaeri",https://myanimelist.net/manga/67879/Gate__Jieitai_Kanochi_nite_Kaku_Tatakaeri,Novel,5.0,Apr 2010 - Dec 2011,Apr 2010,Dec 2011,2010.0,8597,7.83
1415,69073,Durarara!! SH,https://myanimelist.net/manga/69073/Durarara_SH,Light Novel,4.0,Apr 2014 - Feb 2016,Apr 2014,Feb 2016,2014.0,3005,7.83
1416,70589,GTO: Paradise Lost,https://myanimelist.net/manga/70589/GTO__Paradise_Lost,Manga,23.0,Apr 2014 - Oct 2024,Apr 2014,Oct 2024,2014.0,18386,7.83
1417,72303,Douluo Dalu,https://myanimelist.net/manga/72303/Douluo_Dalu,Manhua,,2011 -,2011 -,,2011.0,29203,7.83
1418,75243,Oushitsu Kyoushi Heine,https://myanimelist.net/manga/75243/Oushitsu_Kyoushi_Heine,Manga,17.0,Nov 2013 - May 2021,Nov 2013,May 2021,2013.0,7042,7.83
1419,90174,Plastic Memories: Say to Good-bye,https://myanimelist.net/manga/90174/Plastic_Memories__Say_to_Good-bye,Manga,3.0,Apr 2015 - Jul 2016,Apr 2015,Jul 2016,2015.0,5178,7.83
1420,93695,Ganbare! Nakamura-kun!!,https://myanimelist.net/manga/93695/Ganbare_Nakamura-kun,Manga,1.0,Dec 2014 - Aug 2016,Dec 2014,Aug 2016,2014.0,38457,7.83
1421,95311,Goblin Slayer,https://myanimelist.net/manga/95311/Goblin_Slayer,Light Novel,,Feb 2016 -,Feb 2016 -,,2016.0,23452,7.83
1422,96194,Honzuki no Gekokujou: Shisho ni Naru Tame ni wa Shudan wo Erandeiraremasen Dai 1-bu - Hon ga Nai nara Tsukureba Ii!,https://myanimelist.net/manga/96194/Honzuki_no_Gekokujou__Shisho_ni_Naru_Tame_ni_wa_Shudan_wo_Erandeiraremasen_Dai_1-bu_-_Hon_ga_Nai_nara_Tsukureba_Ii,Manga,7.0,Oct 2015 - Jul 2018,Oct 2015,Jul 2018,2015.0,16591,7.83
1423,97643,"Shuumatsu Nani Shitemasu ka? Mou Ichido dake, Aemasu ka?",https://myanimelist.net/manga/97643/Shuumatsu_Nani_Shitemasu_ka_Mou_Ichido_dake_Aemasu_ka,Light Novel,11.0,Apr 2016 - Jul 2021,Apr 2016,Jul 2021,2016.0,5165,7.83
1424,99575,Usotoki Rhetoric,https://myanimelist.net/manga/99575/Usotoki_Rhetoric,Manga,10.0,Jun 2012 - Mar 2018,Jun 2012,Mar 2018,2012.0,8582,7.83
1425,108023,Kimi no Na wa. Another Side: Earthbound,https://myanimelist.net/manga/108023/Kimi_no_Na_wa_Another_Side__Earthbound,Manga,2.0,Jul 2017 - Mar 2019,Jul 2017,Mar 2019,2017.0,6628,7.83
1426,1021,The Summit,https://myanimelist.net/manga/1021/The_Summit,Manhwa,7.0,2005 - 2011,2005,2011,2005.0,4197,7.82
1427,1261,Higurashi no Naku Koro ni: Himatsubushi-hen,https://myanimelist.net/manga/1261/Higurashi_no_Naku_Koro_ni__Himatsubushi-hen,Manga,2.0,Sep 2006 - Jan 2007,Sep 2006,Jan 2007,2006.0,15619,7.82
1428,1319,GunSmith Cats,https://myanimelist.net/manga/1319/GunSmith_Cats,Manga,8.0,Dec 1990 - Apr 1997,Dec 1990,Apr 1997,1990.0,16313,7.82
1429,1397,Chi's Sweet Home,https://myanimelist.net/manga/1397/Chis_Sweet_Home,Manga,12.0,Jan 2004 - Jun 2015,Jan 2004,Jun 2015,2004.0,14392,7.82
1430,3153,Q.E.D.: Shoumei Shuuryou,https://myanimelist.net/manga/3153/QED__Shoumei_Shuuryou,Manga,50.0,Jun 1997 - Feb 2015,Jun 1997,Feb 2015,1997.0,5053,7.82
1431,3749,Umineko no Naku Koro ni - Episode 1: Legend of the Golden Witch,https://myanimelist.net/manga/3749/Umineko_no_Naku_Koro_ni_-_Episode_1__Legend_of_the_Golden_Witch,Manga,4.0,Dec 2007 - Aug 2009,Dec 2007,Aug 2009,2007.0,37723,7.82
1432,4011,New York New York,https://myanimelist.net/manga/4011/New_York_New_York,Manga,4.0,1995 - 1998,1995,1998,1995.0,3581,7.82
1433,6889,Moon: Subaru Solitude Standing,https://myanimelist.net/manga/6889/Moon__Subaru_Solitude_Standing,Manga,9.0,Aug 2007 - Oct 2011,Aug 2007,Oct 2011,2007.0,2198,7.82
1434,13801,Drifters,https://myanimelist.net/manga/13801/Drifters,Manga,,Apr 2009 -,Apr 2009 -,,2009.0,43746,7.82
1435,14975,Darker than Black: Shikkoku no Hana,https://myanimelist.net/manga/14975/Darker_than_Black__Shikkoku_no_Hana,Manga,4.0,May 2009 - Jan 2011,May 2009,Jan 2011,2009.0,14814,7.82
1436,16815,Itsuwaribito◆Utsuho◆,https://myanimelist.net/manga/16815/Itsuwaribito◆Utsuho◆,Manga,23.0,Jan 2009 - Sep 2013,Jan 2009,Sep 2013,2009.0,7283,7.82
1437,19438,Rockman Megamix,https://myanimelist.net/manga/19438/Rockman_Megamix,Manga,3.0,1997 -,1997 -,,1997.0,1602,7.82
1438,20963,Planetarian: Chiisana Hoshi no Yume,https://myanimelist.net/manga/20963/Planetarian__Chiisana_Hoshi_no_Yume,Light Novel,1.0,Apr 2006 - Apr 2006,Apr 2006,Apr 2006,2006.0,1744,7.82
1439,60973,Mahouka Koukou no Rettousei: Kyuukousen-hen,https://myanimelist.net/manga/60973/Mahouka_Koukou_no_Rettousei__Kyuukousen-hen,Manga,5.0,Oct 2013 - May 2016,Oct 2013,May 2016,2013.0,8671,7.82
1440,95228,Hanakoi Tsurane,https://myanimelist.net/manga/95228/Hanakoi_Tsurane,Manga,10.0,Nov 2015 - Feb 2024,Nov 2015,Feb 2024,2015.0,4834,7.82
1441,106615,Shiro Seijo to Kuro Bokushi,https://myanimelist.net/manga/106615/Shiro_Seijo_to_Kuro_Bokushi,Manga,,Apr 2017 -,Apr 2017 -,,2017.0,8268,7.82
1442,116831,Majo no Tabitabi,https://myanimelist.net/manga/116831/Majo_no_Tabitabi,Manga,6.0,Nov 2018 - Mar 2024,Nov 2018,Mar 2024,2018.0,8211,7.82
1443,120658,Kagami no Kojou,https://myanimelist.net/manga/120658/Kagami_no_Kojou,Manga,5.0,Jun 2019 - Feb 2021,Jun 2019,Feb 2021,2019.0,2630,7.82
1444,127559,My Life as an Internet Novel,https://myanimelist.net/manga/127559/My_Life_as_an_Internet_Novel,Manhwa,,Apr 2019 -,Apr 2019 -,,2019.0,12644,7.82
1445,132727,Ookami no Kawa wo Kabutta Hitsuji Hime,https://myanimelist.net/manga/132727/Ookami_no_Kawa_wo_Kabutta_Hitsuji_Hime,Manga,5.0,Oct 2020 - Apr 2023,Oct 2020,Apr 2023,2020.0,7142,7.82
1446,134729,Our Paradise,https://myanimelist.net/manga/134729/Our_Paradise,Manhwa,3.0,Oct 2018 - Jun 2019,Oct 2018,Jun 2019,2018.0,1709,7.82
1447,147069,Medical Return,https://myanimelist.net/manga/147069/Medical_Return,Manhwa,,Sep 2019 - Jan 2022,Sep 2019,Jan 2022,2019.0,9887,7.82
1448,161994,Not Your Typical Reincarnation Story,https://myanimelist.net/manga/161994/Not_Your_Typical_Reincarnation_Story,Manhwa,,Apr 2023 - Aug 2025,Apr 2023,Aug 2025,2023.0,13236,7.82
1449,111323,MagMell Shinkai Suizokukan,https://myanimelist.net/manga/111323/MagMell_Shinkai_Suizokukan,Manga,,Apr 2017 -,Apr 2017 -,,2017.0,5408,7.81
1450,118233,Karasugaoka Don't Be Shy!!,https://myanimelist.net/manga/118233/Karasugaoka_Dont_Be_Shy,Manga,2.0,Jun 2018 - Apr 2020,Jun 2018,Apr 2020,2018.0,10132,7.81
1451,121951,Meitantei Conan: Keisatsu Gakkou-hen - Wild Police Story,https://myanimelist.net/manga/121951/Meitantei_Conan__Keisatsu_Gakkou-hen_-_Wild_Police_Story,Manga,2.0,Oct 2019 - Nov 2020,Oct 2019,Nov 2020,2019.0,2089,7.81
1452,124867,Violet Evergarden Ever After,https://myanimelist.net/manga/124867/Violet_Evergarden_Ever_After,Light Novel,1.0,Mar 2020 - Mar 2020,Mar 2020,Mar 2020,2020.0,1673,7.81
1453,143990,Yamada to Kase-san.,https://myanimelist.net/manga/143990/Yamada_to_Kase-san,Manga,,Apr 2017 -,Apr 2017 -,,2017.0,6052,7.81
1454,144695,Blue Lock: Episode Nagi,https://myanimelist.net/manga/144695/Blue_Lock__Episode_Nagi,Manga,8.0,Jun 2022 - Jul 2025,Jun 2022,Jul 2025,2022.0,14919,7.81
1455,144804,Summer Ghost,https://myanimelist.net/manga/144804/Summer_Ghost,Manga,2.0,Oct 2021 - Jun 2022,Oct 2021,Jun 2022,2021.0,3734,7.81
1456,146966,Teenage Mercenary,https://myanimelist.net/manga/146966/Teenage_Mercenary,Manhwa,,Nov 2020 -,Nov 2020 -,,2020.0,50556,7.81
1457,146982,Latna Saga: Survival of a Sword King,https://myanimelist.net/manga/146982/Latna_Saga__Survival_of_a_Sword_King,Manhwa,,Dec 2019 -,Dec 2019 -,,2019.0,30262,7.81
1458,150164,For My Derelict Favorite,https://myanimelist.net/manga/150164/For_My_Derelict_Favorite,Manhwa,,May 2022 - Oct 2025,May 2022,Oct 2025,2022.0,8372,7.81
1459,155312,Futarijime Romantic,https://myanimelist.net/manga/155312/Futarijime_Romantic,Manga,3.0,Jan 2023 - Feb 2024,Jan 2023,Feb 2024,2023.0,7514,7.81
1460,160786,Boruto: Two Blue Vortex,https://myanimelist.net/manga/160786/Boruto__Two_Blue_Vortex,Manga,,Aug 2023 -,Aug 2023 -,,2023.0,44314,7.81
1461,162566,J⇔M,https://myanimelist.net/manga/162566/J⇔M,Manga,,May 2023 -,May 2023 -,,2023.0,2619,7.81
1462,162601,Koi yori Aoku,https://myanimelist.net/manga/162601/Koi_yori_Aoku,Manga,,Apr 2023 -,Apr 2023 -,,2023.0,5511,7.81
1463,98,Rozen Maiden,https://myanimelist.net/manga/98/Rozen_Maiden,Manga,8.0,Aug 2002 - May 2007,Aug 2002,May 2007,2002.0,20540,7.81
1464,344,ES: Eternal Sabbath,https://myanimelist.net/manga/344/ES__Eternal_Sabbath,Manga,8.0,Aug 2001 - Oct 2004,Aug 2001,Oct 2004,2001.0,16286,7.81
1465,366,Hoshi no Koe,https://myanimelist.net/manga/366/Hoshi_no_Koe,Manga,1.0,Feb 2004 - Dec 2004,Feb 2004,Dec 2004,2004.0,25794,7.81
1466,398,Kingdom Hearts II,https://myanimelist.net/manga/398/Kingdom_Hearts_II,Manga,10.0,May 2006 - Aug 2015,May 2006,Aug 2015,2006.0,14625,7.81
1467,582,Kodomo no Jikan,https://myanimelist.net/manga/582/Kodomo_no_Jikan,Manga,13.0,May 2005 - Apr 2013,May 2005,Apr 2013,2005.0,23597,7.81
1468,5394,Kiss/Hug,https://myanimelist.net/manga/5394/Kiss_Hug,Manga,3.0,2007 - 2007,2007,2007,2007.0,16885,7.81
1469,8571,Shin Getter Robo,https://myanimelist.net/manga/8571/Shin_Getter_Robo,Manga,2.0,1996 - 1999,1996,1999,1996.0,3350,7.81
1470,8677,Little Busters!,https://myanimelist.net/manga/8677/Little_Busters,Manga,2.0,Mar 2008 - Feb 2010,Mar 2008,Feb 2010,2008.0,3843,7.81
1471,11089,Shinrei Tantei Yakumo: Akai Hitomi wa Shitteiru,https://myanimelist.net/manga/11089/Shinrei_Tantei_Yakumo__Akai_Hitomi_wa_Shitteiru,Manga,2.0,Mar 2007 - Jan 2008,Mar 2007,Jan 2008,2007.0,7358,7.81
1472,11438,Kimi ni shika Kikoenai,https://myanimelist.net/manga/11438/Kimi_ni_shika_Kikoenai,Manga,1.0,Feb 2007 - May 2007,Feb 2007,May 2007,2007.0,13899,7.81
1473,12269,Hammer Session!,https://myanimelist.net/manga/12269/Hammer_Session,Manga,11.0,Nov 2006 - Dec 2008,Nov 2006,Dec 2008,2006.0,8303,7.81
1474,16668,Doubutsu no Kuni,https://myanimelist.net/manga/16668/Doubutsu_no_Kuni,Manga,14.0,Sep 2009 - Feb 2014,Sep 2009,Feb 2014,2009.0,6794,7.81
1475,21485,Golden Time,https://myanimelist.net/manga/21485/Golden_Time,Light Novel,8.0,Sep 2010 - Mar 2014,Sep 2010,Mar 2014,2010.0,6665,7.81
1476,25132,Akame ga Kill!,https://myanimelist.net/manga/25132/Akame_ga_Kill,Manga,15.0,Apr 2010 - Dec 2016,Apr 2010,Dec 2016,2010.0,193338,7.81
1477,25191,Fate/Zero,https://myanimelist.net/manga/25191/Fate_Zero,Manga,14.0,Dec 2010 - Jun 2017,Dec 2010,Jun 2017,2010.0,9028,7.81
1478,32347,JoJo's Bizarre Adventure: Over Heaven,https://myanimelist.net/manga/32347/JoJos_Bizarre_Adventure__Over_Heaven,Light Novel,1.0,Dec 2011 - Dec 2011,Dec 2011,Dec 2011,2011.0,12335,7.81
1479,54897,Orange Marmalade,https://myanimelist.net/manga/54897/Orange_Marmalade,Manhwa,8.0,Feb 2011 - Dec 2013,Feb 2011,Dec 2013,2011.0,43657,7.81
1480,57897,Shin Mazinger Zero vs Ankoku Daishougun,https://myanimelist.net/manga/57897/Shin_Mazinger_Zero_vs_Ankoku_Daishougun,Manga,8.0,Nov 2012 - Nov 2015,Nov 2012,Nov 2015,2012.0,980,7.81
1481,62951,Gekijouban Steins;Gate: Fuka Ryouiki no Déjà vu,https://myanimelist.net/manga/62951/Gekijouban_Steins_Gate__Fuka_Ryouiki_no_Déjà_vu,Manga,2.0,Mar 2013 - Oct 2013,Mar 2013,Oct 2013,2013.0,2905,7.81
1482,69399,K: Lost Small World,https://myanimelist.net/manga/69399/K__Lost_Small_World,Light Novel,1.0,Apr 2014 - Apr 2014,Apr 2014,Apr 2014,2014.0,2589,7.81
1483,78477,Rikudou,https://myanimelist.net/manga/78477/Rikudou,Manga,23.0,Apr 2014 - May 2019,Apr 2014,May 2019,2014.0,28955,7.81
1484,86710,Majo no Ie: Ellen no Nikki,https://myanimelist.net/manga/86710/Majo_no_Ie__Ellen_no_Nikki,Light Novel,1.0,Oct 2013 - Oct 2013,Oct 2013,Oct 2013,2013.0,1597,7.81
1485,89049,Kyokou Suiri,https://myanimelist.net/manga/89049/Kyokou_Suiri,Manga,,Apr 2015 -,Apr 2015 -,,2015.0,24770,7.81
1486,102702,Jaku-Chara Tomozaki-kun,https://myanimelist.net/manga/102702/Jaku-Chara_Tomozaki-kun,Light Novel,,May 2016 -,May 2016 -,,2016.0,11952,7.81
1487,103169,Douluo Dalu II: Jueshi Tangmen,https://myanimelist.net/manga/103169/Douluo_Dalu_II__Jueshi_Tangmen,Manhua,,Nov 2012 -,Nov 2012 -,,2012.0,10235,7.81
1488,103562,"Mairimashita, Senpai",https://myanimelist.net/manga/103562/Mairimashita_Senpai,Manga,10.0,Jun 2016 - Oct 2020,Jun 2016,Oct 2020,2016.0,21646,7.81
1489,36,Kamikaze Kaitou Jeanne,https://myanimelist.net/manga/36/Kamikaze_Kaitou_Jeanne,Manga,7.0,Dec 1997 - Jun 2000,Dec 1997,Jun 2000,1997.0,21778,7.8
1490,219,Alive: Saishuu Shinkateki Shounen,https://myanimelist.net/manga/219/Alive__Saishuu_Shinkateki_Shounen,Manga,21.0,Apr 2003 - Feb 2010,Apr 2003,Feb 2010,2003.0,27330,7.8
1491,257,Hybrid Child,https://myanimelist.net/manga/257/Hybrid_Child,Manga,1.0,Jun 2003 - Aug 2004,Jun 2003,Aug 2004,2003.0,10631,7.8
1492,848,Master Keaton,https://myanimelist.net/manga/848/Master_Keaton,Manga,18.0,Nov 1988 - Aug 1994,Nov 1988,Aug 1994,1988.0,10558,7.8
1493,1037,Koukyoushihen Eureka seveN,https://myanimelist.net/manga/1037/Koukyoushihen_Eureka_seveN,Manga,6.0,Jan 2005 - Nov 2006,Jan 2005,Nov 2006,2005.0,12652,7.8
1494,1351,Switch,https://myanimelist.net/manga/1351/Switch,Manga,13.0,Jan 2002 - Oct 2008,Jan 2002,Oct 2008,2002.0,13392,7.8
1495,1355,.hack//Another Birth,https://myanimelist.net/manga/1355/hack__Another_Birth,Light Novel,4.0,Feb 2004 - Nov 2005,Feb 2004,Nov 2005,2004.0,4062,7.8
1496,1804,Magic Kaito,https://myanimelist.net/manga/1804/Magic_Kaito,Manga,,May 1987 -,May 1987 -,,1987.0,9209,7.8
1497,3636,Rasetsu no Hana,https://myanimelist.net/manga/3636/Rasetsu_no_Hana,Manga,9.0,2005 - 2010,2005,2010,2005.0,4263,7.8
1498,3993,IS: Otoko demo Onna demo Nai Sei,https://myanimelist.net/manga/3993/IS__Otoko_demo_Onna_demo_Nai_Sei,Manga,17.0,Jul 2003 - Jul 2009,Jul 2003,Jul 2009,2003.0,7225,7.8
1499,4081,Princess,https://myanimelist.net/manga/4081/Princess,Manhwa,,1995 -,1995 -,,1995.0,2182,7.8
1500,5618,Fire Emblem: Genealogy of the Holy War,https://myanimelist.net/manga/5618/Fire_Emblem__Genealogy_of_the_Holy_War,Manga,16.0,1999 - 2001,1999,2001,1999.0,1452,7.8
